latitude,longitude,elevation,utc_offset_seconds,timezone,timezone_abbreviation
45.938705,-66.628815,54,-14400,America/Moncton,AST
,,,,,
time,temperature_2m (°C),direct_normal_irradiance (W/m²),,,
2023-10-01T00:00,8.3,0,,,
2023-10-01T00:15,8.8,0,,,
2023-10-01T00:30,8.8,0,,,
2023-10-01T00:45,9,0,,,
2023-10-01T01:00,8.9,0,,,
2023-10-01T01:15,9.1,0,,,
2023-10-01T01:30,9.3,0,,,
2023-10-01T01:45,9.3,0,,,
2023-10-01T02:00,9,0,,,
2023-10-01T02:15,9.1,0,,,
2023-10-01T02:30,8.9,0,,,
2023-10-01T02:45,9,0,,,
2023-10-01T03:00,9,0,,,
2023-10-01T03:15,8.7,0,,,
2023-10-01T03:30,9,0,,,
2023-10-01T03:45,9.2,0,,,
2023-10-01T04:00,8.5,0,,,
2023-10-01T04:15,8.3,0,,,
2023-10-01T04:30,8.5,0,,,
2023-10-01T04:45,8.8,0,,,
2023-10-01T05:00,8.8,0,,,
2023-10-01T05:15,8.8,0,,,
2023-10-01T05:30,9,0,,,
2023-10-01T05:45,9.2,0,,,
2023-10-01T06:00,8.7,0,,,
2023-10-01T06:15,8.6,0,,,
2023-10-01T06:30,8.8,0,,,
2023-10-01T06:45,8.7,0,,,
2023-10-01T07:00,7.8,0,,,
2023-10-01T07:15,7.9,35.1,,,
2023-10-01T07:30,8.2,114,,,
2023-10-01T07:45,8.6,179.1,,,
2023-10-01T08:00,8.8,172.8,,,
2023-10-01T08:15,8.8,0,,,
2023-10-01T08:30,9.2,0,,,
2023-10-01T08:45,9.6,8.3,,,
2023-10-01T09:00,10.6,110.8,,,
2023-10-01T09:15,11.1,296.7,,,
2023-10-01T09:30,11.8,84.1,,,
2023-10-01T09:45,12.6,299.7,,,
2023-10-01T10:00,13.4,339.3,,,
2023-10-01T10:15,14,636.2,,,
2023-10-01T10:30,14.6,408.9,,,
2023-10-01T10:45,15.2,459.3,,,
2023-10-01T11:00,17,556.3,,,
2023-10-01T11:15,17.1,679.6,,,
2023-10-01T11:30,17.5,493.4,,,
2023-10-01T11:45,18.1,760.1,,,
2023-10-01T12:00,20.1,642.1,,,
2023-10-01T12:15,19.8,734,,,
2023-10-01T12:30,20.2,781.3,,,
2023-10-01T12:45,20.5,786.2,,,
2023-10-01T13:00,22.4,797.9,,,
2023-10-01T13:15,22.1,793,,,
2023-10-01T13:30,22.2,795,,,
2023-10-01T13:45,22.4,784.3,,,
2023-10-01T14:00,23.7,766.6,,,
2023-10-01T14:15,23.4,814.2,,,
2023-10-01T14:30,23.4,773.1,,,
2023-10-01T14:45,23.3,747.2,,,
2023-10-01T15:00,23.7,734.3,,,
2023-10-01T15:15,23.4,746.9,,,
2023-10-01T15:30,23,675.5,,,
2023-10-01T15:45,22.7,665.6,,,
2023-10-01T16:00,23.2,635.3,,,
2023-10-01T16:15,22.7,626,,,
2023-10-01T16:30,22.3,534.4,,,
2023-10-01T16:45,21.9,488.9,,,
2023-10-01T17:00,22.3,418.4,,,
2023-10-01T17:15,21.7,363,,,
2023-10-01T17:30,20.9,244.4,,,
2023-10-01T17:45,20.1,130.1,,,
2023-10-01T18:00,20.2,96.6,,,
2023-10-01T18:15,19.5,0,,,
2023-10-01T18:30,19,0,,,
2023-10-01T18:45,18.5,0,,,
2023-10-01T19:00,18.5,0,,,
2023-10-01T19:15,18,0,,,
2023-10-01T19:30,17.8,0,,,
2023-10-01T19:45,17.5,0,,,
2023-10-01T20:00,17.5,0,,,
2023-10-01T20:15,17,0,,,
2023-10-01T20:30,16.6,0,,,
2023-10-01T20:45,16.3,0,,,
2023-10-01T21:00,16.4,0,,,
2023-10-01T21:15,16,0,,,
2023-10-01T21:30,15.7,0,,,
2023-10-01T21:45,15.3,0,,,
2023-10-01T22:00,15.1,0,,,
2023-10-01T22:15,14.9,0,,,
2023-10-01T22:30,14.5,0,,,
2023-10-01T22:45,14.3,0,,,
2023-10-01T23:00,14.4,0,,,
2023-10-01T23:15,14,0,,,
2023-10-01T23:30,13.6,0,,,
2023-10-01T23:45,13.3,0,,,
2023-10-02T00:00,13,0,,,
2023-10-02T00:15,12.6,0,,,
2023-10-02T00:30,12.3,0,,,
2023-10-02T00:45,12,0,,,
2023-10-02T01:00,11.6,0,,,
2023-10-02T01:15,11.5,0,,,
2023-10-02T01:30,11.2,0,,,
2023-10-02T01:45,10.9,0,,,
2023-10-02T02:00,10.7,0,,,
2023-10-02T02:15,10.5,0,,,
2023-10-02T02:30,10.4,0,,,
2023-10-02T02:45,10.2,0,,,
2023-10-02T03:00,9.8,0,,,
2023-10-02T03:15,9.8,0,,,
2023-10-02T03:30,9.7,0,,,
2023-10-02T03:45,9.6,0,,,
2023-10-02T04:00,9.1,0,,,
2023-10-02T04:15,9,0,,,
2023-10-02T04:30,8.8,0,,,
2023-10-02T04:45,8.6,0,,,
2023-10-02T05:00,8.3,0,,,
2023-10-02T05:15,8.2,0,,,
2023-10-02T05:30,8.1,0,,,
2023-10-02T05:45,8,0,,,
2023-10-02T06:00,7.8,0,,,
2023-10-02T06:15,7.8,0,,,
2023-10-02T06:30,7.7,0,,,
2023-10-02T06:45,7.5,0,,,
2023-10-02T07:00,7.6,99.6,,,
2023-10-02T07:15,8,263.5,,,
2023-10-02T07:30,8.5,383.3,,,
2023-10-02T07:45,8.9,472.2,,,
2023-10-02T08:00,9.5,539.9,,,
2023-10-02T08:15,10,600.7,,,
2023-10-02T08:30,10.5,639.4,,,
2023-10-02T08:45,11,683.7,,,
2023-10-02T09:00,12.5,715.1,,,
2023-10-02T09:15,12.7,749.1,,,
2023-10-02T09:30,13.2,759.8,,,
2023-10-02T09:45,13.7,778.6,,,
2023-10-02T10:00,15.5,796.8,,,
2023-10-02T10:15,15.5,820.4,,,
2023-10-02T10:30,16,819.2,,,
2023-10-02T10:45,16.4,830.2,,,
2023-10-02T11:00,18.4,837.6,,,
2023-10-02T11:15,18.2,858.2,,,
2023-10-02T11:30,18.5,848.4,,,
2023-10-02T11:45,18.8,850.5,,,
2023-10-02T12:00,20.4,850.3,,,
2023-10-02T12:15,20.2,863.3,,,
2023-10-02T12:30,20.4,850.8,,,
2023-10-02T12:45,20.5,846.8,,,
2023-10-02T13:00,21.6,840.4,,,
2023-10-02T13:15,21.3,848.9,,,
2023-10-02T13:30,21.4,827.7,,,
2023-10-02T13:45,21.4,824.4,,,
2023-10-02T14:00,22.1,814.6,,,
2023-10-02T14:15,21.7,816.9,,,
2023-10-02T14:30,21.7,788.4,,,
2023-10-02T14:45,21.7,776.5,,,
2023-10-02T15:00,22.6,759,,,
2023-10-02T15:15,22.2,749.6,,,
2023-10-02T15:30,22,707.8,,,
2023-10-02T15:45,21.9,680.3,,,
2023-10-02T16:00,22.6,645.5,,,
2023-10-02T16:15,21.9,631,,,
2023-10-02T16:30,21.3,552.4,,,
2023-10-02T16:45,20.8,496.5,,,
2023-10-02T17:00,21.4,425.5,,,
2023-10-02T17:15,20.6,382.8,,,
2023-10-02T17:30,19.8,248.1,,,
2023-10-02T17:45,19.1,134.7,,,
2023-10-02T18:00,18.1,67.5,,,
2023-10-02T18:15,17.6,0,,,
2023-10-02T18:30,17.2,0,,,
2023-10-02T18:45,16.9,0,,,
2023-10-02T19:00,15.5,0,,,
2023-10-02T19:15,15.3,0,,,
2023-10-02T19:30,15.1,0,,,
2023-10-02T19:45,14.8,0,,,
2023-10-02T20:00,14.1,0,,,
2023-10-02T20:15,13.9,0,,,
2023-10-02T20:30,13.8,0,,,
2023-10-02T20:45,13.6,0,,,
2023-10-02T21:00,12.5,0,,,
2023-10-02T21:15,12.5,0,,,
2023-10-02T21:30,12.4,0,,,
2023-10-02T21:45,12.3,0,,,
2023-10-02T22:00,11.4,0,,,
2023-10-02T22:15,11.4,0,,,
2023-10-02T22:30,11.3,0,,,
2023-10-02T22:45,11.2,0,,,
2023-10-02T23:00,11,0,,,
2023-10-02T23:15,10.9,0,,,
2023-10-02T23:30,10.8,0,,,
2023-10-02T23:45,10.8,0,,,
2023-10-03T00:00,10.9,0,,,
2023-10-03T00:15,10.9,0,,,
2023-10-03T00:30,10.8,0,,,
2023-10-03T00:45,10.7,0,,,
2023-10-03T01:00,10.4,0,,,
2023-10-03T01:15,10.3,0,,,
2023-10-03T01:30,10.1,0,,,
2023-10-03T01:45,9.9,0,,,
2023-10-03T02:00,10,0,,,
2023-10-03T02:15,9.9,0,,,
2023-10-03T02:30,9.7,0,,,
2023-10-03T02:45,9.6,0,,,
2023-10-03T03:00,10.9,0,,,
2023-10-03T03:15,10.8,0,,,
2023-10-03T03:30,10.8,0,,,
2023-10-03T03:45,10.7,0,,,
2023-10-03T04:00,10.9,0,,,
2023-10-03T04:15,10.8,0,,,
2023-10-03T04:30,10.8,0,,,
2023-10-03T04:45,10.6,0,,,
2023-10-03T05:00,11.1,0,,,
2023-10-03T05:15,11,0,,,
2023-10-03T05:30,10.9,0,,,
2023-10-03T05:45,10.8,0,,,
2023-10-03T06:00,10.5,0,,,
2023-10-03T06:15,10.5,0,,,
2023-10-03T06:30,10.6,0,,,
2023-10-03T06:45,10.5,0,,,
2023-10-03T07:00,11.2,38.3,,,
2023-10-03T07:15,11.5,197.9,,,
2023-10-03T07:30,12,286.8,,,
2023-10-03T07:45,12.7,388.8,,,
2023-10-03T08:00,13.8,451.4,,,
2023-10-03T08:15,15,529.8,,,
2023-10-03T08:30,15.8,546.2,,,
2023-10-03T08:45,16.5,592.7,,,
2023-10-03T09:00,17,627.8,,,
2023-10-03T09:15,17.2,671.7,,,
2023-10-03T09:30,17.7,674.8,,,
2023-10-03T09:45,18.1,701.2,,,
2023-10-03T10:00,19.6,719.9,,,
2023-10-03T10:15,19.5,749.3,,,
2023-10-03T10:30,19.8,745.6,,,
2023-10-03T10:45,20.3,761.1,,,
2023-10-03T11:00,21.7,765.7,,,
2023-10-03T11:15,21.4,789.9,,,
2023-10-03T11:30,21.6,781.3,,,
2023-10-03T11:45,22,789.3,,,
2023-10-03T12:00,23.6,788.2,,,
2023-10-03T12:15,23.3,806.3,,,
2023-10-03T12:30,23.5,792.2,,,
2023-10-03T12:45,23.8,794.2,,,
2023-10-03T13:00,24.6,790.6,,,
2023-10-03T13:15,24.5,800.1,,,
2023-10-03T13:30,24.7,782.8,,,
2023-10-03T13:45,24.9,770.1,,,
2023-10-03T14:00,25.3,758.6,,,
2023-10-03T14:15,25,769.7,,,
2023-10-03T14:30,25,737.1,,,
2023-10-03T14:45,24.9,732.3,,,
2023-10-03T15:00,25.3,712.2,,,
2023-10-03T15:15,25.1,710.7,,,
2023-10-03T15:30,25,620.5,,,
2023-10-03T15:45,24.9,536.3,,,
2023-10-03T16:00,25.8,387.3,,,
2023-10-03T16:15,25.2,598.1,,,
2023-10-03T16:30,24.7,513.3,,,
2023-10-03T16:45,24.4,457.7,,,
2023-10-03T17:00,24.3,391.8,,,
2023-10-03T17:15,23.6,344.4,,,
2023-10-03T17:30,23,224.1,,,
2023-10-03T17:45,22.4,114.2,,,
2023-10-03T18:00,22.3,53.2,,,
2023-10-03T18:15,21.7,0,,,
2023-10-03T18:30,21.1,0,,,
2023-10-03T18:45,20.6,0,,,
2023-10-03T19:00,19.5,0,,,
2023-10-03T19:15,19.1,0,,,
2023-10-03T19:30,18.8,0,,,
2023-10-03T19:45,18.5,0,,,
2023-10-03T20:00,18.3,0,,,
2023-10-03T20:15,18.1,0,,,
2023-10-03T20:30,17.8,0,,,
2023-10-03T20:45,17.5,0,,,
2023-10-03T21:00,16.6,0,,,
2023-10-03T21:15,15.9,0,,,
2023-10-03T21:30,15.3,0,,,
2023-10-03T21:45,14.7,0,,,
2023-10-03T22:00,14,0,,,
2023-10-03T22:15,13.7,0,,,
2023-10-03T22:30,13.5,0,,,
2023-10-03T22:45,13.2,0,,,
2023-10-03T23:00,12.8,0,,,
2023-10-03T23:15,12.6,0,,,
2023-10-03T23:30,12.4,0,,,
2023-10-03T23:45,12.2,0,,,
2023-10-04T00:00,12.2,0,,,
2023-10-04T00:15,12,0,,,
2023-10-04T00:30,11.9,0,,,
2023-10-04T00:45,11.7,0,,,
2023-10-04T01:00,11.8,0,,,
2023-10-04T01:15,11.6,0,,,
2023-10-04T01:30,11.5,0,,,
2023-10-04T01:45,11.4,0,,,
2023-10-04T02:00,11.4,0,,,
2023-10-04T02:15,11.4,0,,,
2023-10-04T02:30,11.2,0,,,
2023-10-04T02:45,11.1,0,,,
2023-10-04T03:00,11.3,0,,,
2023-10-04T03:15,11.2,0,,,
2023-10-04T03:30,11.1,0,,,
2023-10-04T03:45,10.9,0,,,
2023-10-04T04:00,11.1,0,,,
2023-10-04T04:15,10.9,0,,,
2023-10-04T04:30,10.9,0,,,
2023-10-04T04:45,10.7,0,,,
2023-10-04T05:00,11,0,,,
2023-10-04T05:15,10.8,0,,,
2023-10-04T05:30,10.6,0,,,
2023-10-04T05:45,10.5,0,,,
2023-10-04T06:00,10.7,0,,,
2023-10-04T06:15,10.7,0,,,
2023-10-04T06:30,10.5,0,,,
2023-10-04T06:45,10.4,0,,,
2023-10-04T07:00,11,13.1,,,
2023-10-04T07:15,11.4,127.3,,,
2023-10-04T07:30,11.7,212.5,,,
2023-10-04T07:45,12,248.9,,,
2023-10-04T08:00,12.1,0,,,
2023-10-04T08:15,12.3,114.2,,,
2023-10-04T08:30,12.5,0,,,
2023-10-04T08:45,12.7,0,,,
2023-10-04T09:00,13,0,,,
2023-10-04T09:15,13.3,293.9,,,
2023-10-04T09:30,13.6,13.3,,,
2023-10-04T09:45,13.9,8.3,,,
2023-10-04T10:00,14.8,53.1,,,
2023-10-04T10:15,14.9,673.2,,,
2023-10-04T10:30,14.9,36,,,
2023-10-04T10:45,15.2,116.3,,,
2023-10-04T11:00,15.3,160.1,,,
2023-10-04T11:15,15.8,664.5,,,
2023-10-04T11:30,15.7,0,,,
2023-10-04T11:45,15.8,0,,,
2023-10-04T12:00,15.9,0,,,
2023-10-04T12:15,16.1,472.2,,,
2023-10-04T12:30,16.2,17.3,,,
2023-10-04T12:45,16.4,72.5,,,
2023-10-04T13:00,16.5,138.4,,,
2023-10-04T13:15,16.6,388.9,,,
2023-10-04T13:30,16.8,0,,,
2023-10-04T13:45,16.9,82.6,,,
2023-10-04T14:00,17.8,300.4,,,
2023-10-04T14:15,17.7,595.5,,,
2023-10-04T14:30,17.9,245.7,,,
2023-10-04T14:45,18,313.1,,,
2023-10-04T15:00,18.4,533.1,,,
2023-10-04T15:15,18.4,661.8,,,
2023-10-04T15:30,18.5,564.3,,,
2023-10-04T15:45,18.6,604.1,,,
2023-10-04T16:00,18.4,554.5,,,
2023-10-04T16:15,18.4,538.2,,,
2023-10-04T16:30,18.2,487.1,,,
2023-10-04T16:45,18.1,425.6,,,
2023-10-04T17:00,17.9,361.2,,,
2023-10-04T17:15,17.4,296,,,
2023-10-04T17:30,16.9,167.6,,,
2023-10-04T17:45,16.9,92.2,,,
2023-10-04T18:00,16.4,0,,,
2023-10-04T18:15,15.9,0,,,
2023-10-04T18:30,15.5,0,,,
2023-10-04T18:45,15.1,0,,,
2023-10-04T19:00,14.5,0,,,
2023-10-04T19:15,14.3,0,,,
2023-10-04T19:30,14.2,0,,,
2023-10-04T19:45,14,0,,,
2023-10-04T20:00,13.3,0,,,
2023-10-04T20:15,13.1,0,,,
2023-10-04T20:30,13,0,,,
2023-10-04T20:45,12.9,0,,,
2023-10-04T21:00,12.5,0,,,
2023-10-04T21:15,12.4,0,,,
2023-10-04T21:30,12.3,0,,,
2023-10-04T21:45,12.2,0,,,
2023-10-04T22:00,12.1,0,,,
2023-10-04T22:15,11.9,0,,,
2023-10-04T22:30,11.9,0,,,
2023-10-04T22:45,11.8,0,,,
2023-10-04T23:00,12.1,0,,,
2023-10-04T23:15,12.1,0,,,
2023-10-04T23:30,12.5,0,,,
2023-10-04T23:45,12.8,0,,,
2023-10-05T00:00,13.5,0,,,
2023-10-05T00:15,13.4,0,,,
2023-10-05T00:30,13.7,0,,,
2023-10-05T00:45,13.7,0,,,
2023-10-05T01:00,14,0,,,
2023-10-05T01:15,14.1,0,,,
2023-10-05T01:30,14.1,0,,,
2023-10-05T01:45,14.1,0,,,
2023-10-05T02:00,14.1,0,,,
2023-10-05T02:15,14.2,0,,,
2023-10-05T02:30,14.2,0,,,
2023-10-05T02:45,14.2,0,,,
2023-10-05T03:00,14.2,0,,,
2023-10-05T03:15,14.2,0,,,
2023-10-05T03:30,14.1,0,,,
2023-10-05T03:45,14,0,,,
2023-10-05T04:00,13.9,0,,,
2023-10-05T04:15,14,0,,,
2023-10-05T04:30,14,0,,,
2023-10-05T04:45,13.9,0,,,
2023-10-05T05:00,14.2,0,,,
2023-10-05T05:15,14,0,,,
2023-10-05T05:30,14,0,,,
2023-10-05T05:45,14,0,,,
2023-10-05T06:00,14.3,0,,,
2023-10-05T06:15,14.1,0,,,
2023-10-05T06:30,14.2,0,,,
2023-10-05T06:45,14.3,0,,,
2023-10-05T07:00,14.5,0,,,
2023-10-05T07:15,14.7,10.2,,,
2023-10-05T07:30,14.8,0,,,
2023-10-05T07:45,14.8,27.1,,,
2023-10-05T08:00,14.9,0,,,
2023-10-05T08:15,15,0,,,
2023-10-05T08:30,15.3,0,,,
2023-10-05T08:45,15.5,14.5,,,
2023-10-05T09:00,15.5,2.6,,,
2023-10-05T09:15,15.6,0,,,
2023-10-05T09:30,16,0,,,
2023-10-05T09:45,16.1,0,,,
2023-10-05T10:00,16.3,0,,,
2023-10-05T10:15,16.5,170.2,,,
2023-10-05T10:30,16.7,0,,,
2023-10-05T10:45,16.9,0,,,
2023-10-05T11:00,17.3,0,,,
2023-10-05T11:15,17.2,19.9,,,
2023-10-05T11:30,17.4,0,,,
2023-10-05T11:45,17.5,0,,,
2023-10-05T12:00,18.3,0,,,
2023-10-05T12:15,18.5,264.1,,,
2023-10-05T12:30,18.6,1.6,,,
2023-10-05T12:45,18.9,0,,,
2023-10-05T13:00,19.4,0,,,
2023-10-05T13:15,19.1,3.3,,,
2023-10-05T13:30,19.2,0,,,
2023-10-05T13:45,19.4,0,,,
2023-10-05T14:00,20.7,1.8,,,
2023-10-05T14:15,20.1,0,,,
2023-10-05T14:30,20.4,0,,,
2023-10-05T14:45,20.3,0,,,
2023-10-05T15:00,21.1,0,,,
2023-10-05T15:15,20.7,620.6,,,
2023-10-05T15:30,20.3,140.6,,,
2023-10-05T15:45,20.1,95.1,,,
2023-10-05T16:00,20.9,154.8,,,
2023-10-05T16:15,20.4,561.3,,,
2023-10-05T16:30,19.8,124.4,,,
2023-10-05T16:45,19.6,0,,,
2023-10-05T17:00,20.1,0,,,
2023-10-05T17:15,19.4,0,,,
2023-10-05T17:30,18.9,0,,,
2023-10-05T17:45,18.5,82,,,
2023-10-05T18:00,18.1,0,,,
2023-10-05T18:15,17.6,0,,,
2023-10-05T18:30,17.7,0,,,
2023-10-05T18:45,17.5,0,,,
2023-10-05T19:00,17.3,0,,,
2023-10-05T19:15,16.8,0,,,
2023-10-05T19:30,16.9,0,,,
2023-10-05T19:45,16.9,0,,,
2023-10-05T20:00,16.7,0,,,
2023-10-05T20:15,16.2,0,,,
2023-10-05T20:30,16.4,0,,,
2023-10-05T20:45,16.2,0,,,
2023-10-05T21:00,16.3,0,,,
2023-10-05T21:15,16.1,0,,,
2023-10-05T21:30,16.1,0,,,
2023-10-05T21:45,16.1,0,,,
2023-10-05T22:00,16,0,,,
2023-10-05T22:15,16,0,,,
2023-10-05T22:30,16.1,0,,,
2023-10-05T22:45,16.1,0,,,
2023-10-05T23:00,16.1,0,,,
2023-10-05T23:15,15.9,0,,,
2023-10-05T23:30,15.9,0,,,
2023-10-05T23:45,15.8,0,,,
2023-10-06T00:00,15.6,0,,,
2023-10-06T00:15,15.5,0,,,
2023-10-06T00:30,15.4,0,,,
2023-10-06T00:45,15.4,0,,,
2023-10-06T01:00,15.3,0,,,
2023-10-06T01:15,15.3,0,,,
2023-10-06T01:30,15.2,0,,,
2023-10-06T01:45,15,0,,,
2023-10-06T02:00,15,0,,,
2023-10-06T02:15,14.8,0,,,
2023-10-06T02:30,14.8,0,,,
2023-10-06T02:45,14.7,0,,,
2023-10-06T03:00,14.8,0,,,
2023-10-06T03:15,14.6,0,,,
2023-10-06T03:30,14.7,0,,,
2023-10-06T03:45,14.6,0,,,
2023-10-06T04:00,14.3,0,,,
2023-10-06T04:15,14.2,0,,,
2023-10-06T04:30,14.2,0,,,
2023-10-06T04:45,13.7,0,,,
2023-10-06T05:00,13.3,0,,,
2023-10-06T05:15,13.5,0,,,
2023-10-06T05:30,13.1,0,,,
2023-10-06T05:45,13.3,0,,,
2023-10-06T06:00,12.7,0,,,
2023-10-06T06:15,12.9,0,,,
2023-10-06T06:30,12.7,0,,,
2023-10-06T06:45,12.5,0,,,
2023-10-06T07:00,12.3,0,,,
2023-10-06T07:15,12.7,0,,,
2023-10-06T07:30,12.9,0,,,
2023-10-06T07:45,13.2,0,,,
2023-10-06T08:00,13.7,0,,,
2023-10-06T08:15,13.9,0,,,
2023-10-06T08:30,14.2,0,,,
2023-10-06T08:45,14.4,0,,,
2023-10-06T09:00,14.9,0,,,
2023-10-06T09:15,14.8,0,,,
2023-10-06T09:30,15.1,0,,,
2023-10-06T09:45,15.4,0,,,
2023-10-06T10:00,16.4,0,,,
2023-10-06T10:15,16.3,0,,,
2023-10-06T10:30,16.7,0,,,
2023-10-06T10:45,17,0,,,
2023-10-06T11:00,17.8,0,,,
2023-10-06T11:15,17.7,0,,,
2023-10-06T11:30,18,0,,,
2023-10-06T11:45,18.2,0,,,
2023-10-06T12:00,19.9,1.6,,,
2023-10-06T12:15,19.2,172.2,,,
2023-10-06T12:30,19.1,0,,,
2023-10-06T12:45,19.1,0,,,
2023-10-06T13:00,20.7,45.3,,,
2023-10-06T13:15,20.1,305.4,,,
2023-10-06T13:30,20.2,1.7,,,
2023-10-06T13:45,19.9,0,,,
2023-10-06T14:00,20.1,0,,,
2023-10-06T14:15,20.3,552.5,,,
2023-10-06T14:30,20.2,0,,,
2023-10-06T14:45,20,0,,,
2023-10-06T15:00,20.3,2.1,,,
2023-10-06T15:15,20.4,605.8,,,
2023-10-06T15:30,20.3,0,,,
2023-10-06T15:45,20.1,0,,,
2023-10-06T16:00,20.3,0,,,
2023-10-06T16:15,20,217.4,,,
2023-10-06T16:30,19.9,23.1,,,
2023-10-06T16:45,19.7,13.7,,,
2023-10-06T17:00,19.9,39.6,,,
2023-10-06T17:15,19.3,171.7,,,
2023-10-06T17:30,18.8,86.5,,,
2023-10-06T17:45,18.8,85.4,,,
2023-10-06T18:00,19,0,,,
2023-10-06T18:15,18.2,0,,,
2023-10-06T18:30,17.7,0,,,
2023-10-06T18:45,17.3,0,,,
2023-10-06T19:00,17,0,,,
2023-10-06T19:15,16.7,0,,,
2023-10-06T19:30,16.4,0,,,
2023-10-06T19:45,16.2,0,,,
2023-10-06T20:00,16.2,0,,,
2023-10-06T20:15,16.1,0,,,
2023-10-06T20:30,15.9,0,,,
2023-10-06T20:45,15.8,0,,,
2023-10-06T21:00,15.7,0,,,
2023-10-06T21:15,15.5,0,,,
2023-10-06T21:30,15.3,0,,,
2023-10-06T21:45,15.1,0,,,
2023-10-06T22:00,14.9,0,,,
2023-10-06T22:15,14.7,0,,,
2023-10-06T22:30,14.6,0,,,
2023-10-06T22:45,14.5,0,,,
2023-10-06T23:00,14.5,0,,,
2023-10-06T23:15,14.5,0,,,
2023-10-06T23:30,14.3,0,,,
2023-10-06T23:45,14.2,0,,,
2023-10-07T00:00,14.2,0,,,
2023-10-07T00:15,14.1,0,,,
2023-10-07T00:30,14,0,,,
2023-10-07T00:45,13.9,0,,,
2023-10-07T01:00,13.9,0,,,
2023-10-07T01:15,13.7,0,,,
2023-10-07T01:30,13.5,0,,,
2023-10-07T01:45,13.5,0,,,
2023-10-07T02:00,14.1,0,,,
2023-10-07T02:15,14.6,0,,,
2023-10-07T02:30,15,0,,,
2023-10-07T02:45,15.1,0,,,
2023-10-07T03:00,15.4,0,,,
2023-10-07T03:15,15.3,0,,,
2023-10-07T03:30,15.6,0,,,
2023-10-07T03:45,15.8,0,,,
2023-10-07T04:00,15.4,0,,,
2023-10-07T04:15,15,0,,,
2023-10-07T04:30,14.7,0,,,
2023-10-07T04:45,14.5,0,,,
2023-10-07T05:00,14.2,0,,,
2023-10-07T05:15,14,0,,,
2023-10-07T05:30,13.8,0,,,
2023-10-07T05:45,13.7,0,,,
2023-10-07T06:00,13.8,0,,,
2023-10-07T06:15,14.1,0,,,
2023-10-07T06:30,14.5,0,,,
2023-10-07T06:45,14.8,0,,,
2023-10-07T07:00,14.8,0,,,
2023-10-07T07:15,14.9,0,,,
2023-10-07T07:30,15.2,97.2,,,
2023-10-07T07:45,15.3,28.3,,,
2023-10-07T08:00,15.3,22.9,,,
2023-10-07T08:15,15.4,0,,,
2023-10-07T08:30,15.7,0,,,
2023-10-07T08:45,15.8,0,,,
2023-10-07T09:00,15.8,0,,,
2023-10-07T09:15,15.4,0,,,
2023-10-07T09:30,16.2,0,,,
2023-10-07T09:45,16.4,2.1,,,
2023-10-07T10:00,16.5,2,,,
2023-10-07T10:15,16.1,0,,,
2023-10-07T10:30,17.4,35.1,,,
2023-10-07T10:45,17.7,14.2,,,
2023-10-07T11:00,17.8,6.9,,,
2023-10-07T11:15,17.1,0,,,
2023-10-07T11:30,18.2,3.3,,,
2023-10-07T11:45,18.1,0,,,
2023-10-07T12:00,18.8,0,,,
2023-10-07T12:15,18.1,0,,,
2023-10-07T12:30,18.7,0,,,
2023-10-07T12:45,18.6,0,,,
2023-10-07T13:00,19,0,,,
2023-10-07T13:15,17.9,0,,,
2023-10-07T13:30,18.8,0,,,
2023-10-07T13:45,19,5.2,,,
2023-10-07T14:00,19.1,0,,,
2023-10-07T14:15,18.3,0,,,
2023-10-07T14:30,18.6,0,,,
2023-10-07T14:45,18.3,2,,,
2023-10-07T15:00,18.5,0,,,
2023-10-07T15:15,18,0,,,
2023-10-07T15:30,18.7,2.5,,,
2023-10-07T15:45,18.1,2.7,,,
2023-10-07T16:00,18.4,0,,,
2023-10-07T16:15,17.9,0,,,
2023-10-07T16:30,18.2,3.9,,,
2023-10-07T16:45,18,4.7,,,
2023-10-07T17:00,18,0,,,
2023-10-07T17:15,17.6,0,,,
2023-10-07T17:30,17.4,33.5,,,
2023-10-07T17:45,17.3,74.1,,,
2023-10-07T18:00,17.3,0,,,
2023-10-07T18:15,17.2,0,,,
2023-10-07T18:30,16.9,0,,,
2023-10-07T18:45,16.8,0,,,
2023-10-07T19:00,17.1,0,,,
2023-10-07T19:15,17.2,0,,,
2023-10-07T19:30,16.8,0,,,
2023-10-07T19:45,16.8,0,,,
2023-10-07T20:00,16.8,0,,,
2023-10-07T20:15,16.8,0,,,
2023-10-07T20:30,16.6,0,,,
2023-10-07T20:45,16.7,0,,,
2023-10-07T21:00,16.8,0,,,
2023-10-07T21:15,16.8,0,,,
2023-10-07T21:30,16.8,0,,,
2023-10-07T21:45,16.7,0,,,
2023-10-07T22:00,16.3,0,,,
2023-10-07T22:15,16.1,0,,,
2023-10-07T22:30,16,0,,,
2023-10-07T22:45,16.1,0,,,
2023-10-07T23:00,16.2,0,,,
2023-10-07T23:15,16.1,0,,,
2023-10-07T23:30,16.1,0,,,
2023-10-07T23:45,16.1,0,,,
2023-10-08T00:00,16.2,0,,,
2023-10-08T00:15,16,0,,,
2023-10-08T00:30,15.7,0,,,
2023-10-08T00:45,15.7,0,,,
2023-10-08T01:00,15.3,0,,,
2023-10-08T01:15,15.1,0,,,
2023-10-08T01:30,15,0,,,
2023-10-08T01:45,15.3,0,,,
2023-10-08T02:00,15.6,0,,,
2023-10-08T02:15,15.3,0,,,
2023-10-08T02:30,15.4,0,,,
2023-10-08T02:45,15.5,0,,,
2023-10-08T03:00,15.6,0,,,
2023-10-08T03:15,15.5,0,,,
2023-10-08T03:30,15.5,0,,,
2023-10-08T03:45,15.7,0,,,
2023-10-08T04:00,16,0,,,
2023-10-08T04:15,15.9,0,,,
2023-10-08T04:30,15.8,0,,,
2023-10-08T04:45,16.1,0,,,
2023-10-08T05:00,16.3,0,,,
2023-10-08T05:15,16.5,0,,,
2023-10-08T05:30,16.6,0,,,
2023-10-08T05:45,16.6,0,,,
2023-10-08T06:00,16.5,0,,,
2023-10-08T06:15,16.6,0,,,
2023-10-08T06:30,16.6,0,,,
2023-10-08T06:45,16.7,0,,,
2023-10-08T07:00,16.8,14.6,,,
2023-10-08T07:15,16.8,0,,,
2023-10-08T07:30,16.9,0,,,
2023-10-08T07:45,16.9,0,,,
2023-10-08T08:00,16.8,0,,,
2023-10-08T08:15,17,0,,,
2023-10-08T08:30,17.1,0,,,
2023-10-08T08:45,17,0,,,
2023-10-08T09:00,16.8,0,,,
2023-10-08T09:15,16.8,0,,,
2023-10-08T09:30,17.1,0,,,
2023-10-08T09:45,17.2,0,,,
2023-10-08T10:00,16.8,0,,,
2023-10-08T10:15,16.4,0,,,
2023-10-08T10:30,16.5,0,,,
2023-10-08T10:45,16.6,1.8,,,
2023-10-08T11:00,16.2,0,,,
2023-10-08T11:15,16,0,,,
2023-10-08T11:30,16.7,0,,,
2023-10-08T11:45,16.9,0,,,
2023-10-08T12:00,16.3,0,,,
2023-10-08T12:15,16,0,,,
2023-10-08T12:30,15.9,1.6,,,
2023-10-08T12:45,15.8,0,,,
2023-10-08T13:00,16.6,0,,,
2023-10-08T13:15,15.7,0,,,
2023-10-08T13:30,15.9,0,,,
2023-10-08T13:45,15.7,0,,,
2023-10-08T14:00,16.5,81.2,,,
2023-10-08T14:15,16.2,142.4,,,
2023-10-08T14:30,15.6,0,,,
2023-10-08T14:45,15,6.2,,,
2023-10-08T15:00,14.9,0,,,
2023-10-08T15:15,14,0,,,
2023-10-08T15:30,14.4,144.1,,,
2023-10-08T15:45,14.5,58.1,,,
2023-10-08T16:00,15.5,264.3,,,
2023-10-08T16:15,15.1,0,,,
2023-10-08T16:30,15.1,56.4,,,
2023-10-08T16:45,14.7,173.5,,,
2023-10-08T17:00,15.1,54.4,,,
2023-10-08T17:15,14.8,8.2,,,
2023-10-08T17:30,14.7,0,,,
2023-10-08T17:45,14.5,77.4,,,
2023-10-08T18:00,14.2,0,,,
2023-10-08T18:15,13.5,0,,,
2023-10-08T18:30,13.2,0,,,
2023-10-08T18:45,12.9,0,,,
2023-10-08T19:00,11.9,0,,,
2023-10-08T19:15,11.7,0,,,
2023-10-08T19:30,11.6,0,,,
2023-10-08T19:45,11.4,0,,,
2023-10-08T20:00,10.9,0,,,
2023-10-08T20:15,10.7,0,,,
2023-10-08T20:30,10.6,0,,,
2023-10-08T20:45,10.9,0,,,
2023-10-08T21:00,10.5,0,,,
2023-10-08T21:15,10.2,0,,,
2023-10-08T21:30,10,0,,,
2023-10-08T21:45,9.9,0,,,
2023-10-08T22:00,9.9,0,,,
2023-10-08T22:15,9.9,0,,,
2023-10-08T22:30,9.7,0,,,
2023-10-08T22:45,9.7,0,,,
2023-10-08T23:00,9.3,0,,,
2023-10-08T23:15,9.3,0,,,
2023-10-08T23:30,9,0,,,
2023-10-08T23:45,8.9,0,,,
2023-10-09T00:00,8.6,0,,,
2023-10-09T00:15,8.5,0,,,
2023-10-09T00:30,8.3,0,,,
2023-10-09T00:45,8.2,0,,,
2023-10-09T01:00,7.8,0,,,
2023-10-09T01:15,7.8,0,,,
2023-10-09T01:30,7.7,0,,,
2023-10-09T01:45,7.6,0,,,
2023-10-09T02:00,7.1,0,,,
2023-10-09T02:15,6.9,0,,,
2023-10-09T02:30,6.8,0,,,
2023-10-09T02:45,6.7,0,,,
2023-10-09T03:00,6.6,0,,,
2023-10-09T03:15,6.5,0,,,
2023-10-09T03:30,6.4,0,,,
2023-10-09T03:45,6.3,0,,,
2023-10-09T04:00,6.5,0,,,
2023-10-09T04:15,6.4,0,,,
2023-10-09T04:30,6.5,0,,,
2023-10-09T04:45,6.5,0,,,
2023-10-09T05:00,7,0,,,
2023-10-09T05:15,6.9,0,,,
2023-10-09T05:30,7.7,0,,,
2023-10-09T05:45,8.1,0,,,
2023-10-09T06:00,8.5,0,,,
2023-10-09T06:15,8.6,0,,,
2023-10-09T06:30,8.6,0,,,
2023-10-09T06:45,8.6,0,,,
2023-10-09T07:00,8.9,0,,,
2023-10-09T07:15,8.8,0,,,
2023-10-09T07:30,9.2,0,,,
2023-10-09T07:45,9.7,11.9,,,
2023-10-09T08:00,10.1,38.1,,,
2023-10-09T08:15,10.1,0,,,
2023-10-09T08:30,10.8,127.8,,,
2023-10-09T08:45,10.8,0,,,
2023-10-09T09:00,11.4,0,,,
2023-10-09T09:15,11.4,0,,,
2023-10-09T09:30,11.5,0,,,
2023-10-09T09:45,11.7,0,,,
2023-10-09T10:00,12.2,0,,,
2023-10-09T10:15,13.1,2,,,
2023-10-09T10:30,13.7,0,,,
2023-10-09T10:45,14,0,,,
2023-10-09T11:00,14.6,0,,,
2023-10-09T11:15,14.8,270.8,,,
2023-10-09T11:30,15.2,28.6,,,
2023-10-09T11:45,15.6,217.1,,,
2023-10-09T12:00,15.9,39.4,,,
2023-10-09T12:15,15.8,531.4,,,
2023-10-09T12:30,16.1,644.5,,,
2023-10-09T12:45,16.1,488.4,,,
2023-10-09T13:00,16.9,707.7,,,
2023-10-09T13:15,16.7,735.5,,,
2023-10-09T13:30,16.6,717.9,,,
2023-10-09T13:45,16.4,708.4,,,
2023-10-09T14:00,16.5,669.2,,,
2023-10-09T14:15,16.2,634.3,,,
2023-10-09T14:30,15.9,607.5,,,
2023-10-09T14:45,15,308.4,,,
2023-10-09T15:00,15.9,287.5,,,
2023-10-09T15:15,15.8,556.7,,,
2023-10-09T15:30,15.4,125.7,,,
2023-10-09T15:45,15.4,390.8,,,
2023-10-09T16:00,15.4,438,,,
2023-10-09T16:15,15.2,592.5,,,
2023-10-09T16:30,15,424.7,,,
2023-10-09T16:45,14.6,332,,,
2023-10-09T17:00,14.2,0,,,
2023-10-09T17:15,13.9,0,,,
2023-10-09T17:30,13.7,0,,,
2023-10-09T17:45,13.5,48.5,,,
2023-10-09T18:00,13.3,0,,,
2023-10-09T18:15,13.1,0,,,
2023-10-09T18:30,12.9,0,,,
2023-10-09T18:45,12.9,0,,,
2023-10-09T19:00,12.9,0,,,
2023-10-09T19:15,12.8,0,,,
2023-10-09T19:30,12.8,0,,,
2023-10-09T19:45,12.6,0,,,
2023-10-09T20:00,12.4,0,,,
2023-10-09T20:15,12.4,0,,,
2023-10-09T20:30,12.1,0,,,
2023-10-09T20:45,12,0,,,
2023-10-09T21:00,11.7,0,,,
2023-10-09T21:15,11.5,0,,,
2023-10-09T21:30,11.4,0,,,
2023-10-09T21:45,11.3,0,,,
2023-10-09T22:00,11,0,,,
2023-10-09T22:15,10.9,0,,,
2023-10-09T22:30,10.7,0,,,
2023-10-09T22:45,10.9,0,,,
2023-10-09T23:00,10.7,0,,,
2023-10-09T23:15,10.7,0,,,
2023-10-09T23:30,10.7,0,,,
2023-10-09T23:45,10.6,0,,,
2023-10-10T00:00,10.7,0,,,
2023-10-10T00:15,10.4,0,,,
2023-10-10T00:30,10.4,0,,,
2023-10-10T00:45,10.5,0,,,
2023-10-10T01:00,10.7,0,,,
2023-10-10T01:15,10.5,0,,,
2023-10-10T01:30,10.7,0,,,
2023-10-10T01:45,10.6,0,,,
2023-10-10T02:00,10.5,0,,,
2023-10-10T02:15,10.1,0,,,
2023-10-10T02:30,10.4,0,,,
2023-10-10T02:45,10.5,0,,,
2023-10-10T03:00,10.5,0,,,
2023-10-10T03:15,10.6,0,,,
2023-10-10T03:30,10.1,0,,,
2023-10-10T03:45,9.9,0,,,
2023-10-10T04:00,9.7,0,,,
2023-10-10T04:15,9.5,0,,,
2023-10-10T04:30,9.7,0,,,
2023-10-10T04:45,9.8,0,,,
2023-10-10T05:00,9.7,0,,,
2023-10-10T05:15,9.7,0,,,
2023-10-10T05:30,9.9,0,,,
2023-10-10T05:45,9.8,0,,,
2023-10-10T06:00,9.7,0,,,
2023-10-10T06:15,9.2,0,,,
2023-10-10T06:30,9.5,0,,,
2023-10-10T06:45,9.4,0,,,
2023-10-10T07:00,9.3,0,,,
2023-10-10T07:15,9.2,0,,,
2023-10-10T07:30,9.3,0,,,
2023-10-10T07:45,9.4,0,,,
2023-10-10T08:00,9,0,,,
2023-10-10T08:15,9,479.4,,,
2023-10-10T08:30,9.3,0,,,
2023-10-10T08:45,9.4,0,,,
2023-10-10T09:00,9.5,41.9,,,
2023-10-10T09:15,9.4,0,,,
2023-10-10T09:30,9.6,18.9,,,
2023-10-10T09:45,9.8,4.4,,,
2023-10-10T10:00,10.4,2.1,,,
2023-10-10T10:15,10.1,0,,,
2023-10-10T10:30,10.5,0,,,
2023-10-10T10:45,10.5,0,,,
2023-10-10T11:00,11.2,0,,,
2023-10-10T11:15,10.8,0,,,
2023-10-10T11:30,11.2,0,,,
2023-10-10T11:45,11.5,0,,,
2023-10-10T12:00,12.9,0,,,
2023-10-10T12:15,12.5,0,,,
2023-10-10T12:30,13.1,36.3,,,
2023-10-10T12:45,13.4,0,,,
2023-10-10T13:00,14.1,0,,,
2023-10-10T13:15,14.3,658.9,,,
2023-10-10T13:30,14.2,43.5,,,
2023-10-10T13:45,14.6,305.1,,,
2023-10-10T14:00,15.5,449.4,,,
2023-10-10T14:15,15.2,493.7,,,
2023-10-10T14:30,15.5,634.4,,,
2023-10-10T14:45,15.6,716.9,,,
2023-10-10T15:00,15.3,645,,,
2023-10-10T15:15,15.1,446.7,,,
2023-10-10T15:30,15.1,372.2,,,
2023-10-10T15:45,15.1,600,,,
2023-10-10T16:00,15.1,360,,,
2023-10-10T16:15,14.7,336.8,,,
2023-10-10T16:30,14.5,299.8,,,
2023-10-10T16:45,14.3,321.3,,,
2023-10-10T17:00,13.8,207.6,,,
2023-10-10T17:15,13.3,9,,,
2023-10-10T17:30,13,37,,,
2023-10-10T17:45,12.3,67.8,,,
2023-10-10T18:00,11.6,0,,,
2023-10-10T18:15,11.1,0,,,
2023-10-10T18:30,10.9,0,,,
2023-10-10T18:45,10.6,0,,,
2023-10-10T19:00,9.8,0,,,
2023-10-10T19:15,9.5,0,,,
2023-10-10T19:30,9.4,0,,,
2023-10-10T19:45,9.2,0,,,
2023-10-10T20:00,8.5,0,,,
2023-10-10T20:15,8.2,0,,,
2023-10-10T20:30,8.1,0,,,
2023-10-10T20:45,8,0,,,
2023-10-10T21:00,8,0,,,
2023-10-10T21:15,7.9,0,,,
2023-10-10T21:30,7.7,0,,,
2023-10-10T21:45,7.7,0,,,
2023-10-10T22:00,7.9,0,,,
2023-10-10T22:15,7.8,0,,,
2023-10-10T22:30,7.6,0,,,
2023-10-10T22:45,7.6,0,,,
2023-10-10T23:00,7.8,0,,,
2023-10-10T23:15,7.7,0,,,
2023-10-10T23:30,7.6,0,,,
2023-10-10T23:45,7.4,0,,,
2023-10-11T00:00,7.7,0,,,
2023-10-11T00:15,7.5,0,,,
2023-10-11T00:30,7.4,0,,,
2023-10-11T00:45,7.4,0,,,
2023-10-11T01:00,7.8,0,,,
2023-10-11T01:15,7.8,0,,,
2023-10-11T01:30,7.7,0,,,
2023-10-11T01:45,7.7,0,,,
2023-10-11T02:00,7.8,0,,,
2023-10-11T02:15,7.7,0,,,
2023-10-11T02:30,7.5,0,,,
2023-10-11T02:45,7.4,0,,,
2023-10-11T03:00,7.6,0,,,
2023-10-11T03:15,7.4,0,,,
2023-10-11T03:30,7.3,0,,,
2023-10-11T03:45,7.2,0,,,
2023-10-11T04:00,7.7,0,,,
2023-10-11T04:15,8,0,,,
2023-10-11T04:30,8.1,0,,,
2023-10-11T04:45,8.2,0,,,
2023-10-11T05:00,8.4,0,,,
2023-10-11T05:15,8.6,0,,,
2023-10-11T05:30,8.7,0,,,
2023-10-11T05:45,8.7,0,,,
2023-10-11T06:00,8.6,0,,,
2023-10-11T06:15,8.9,0,,,
2023-10-11T06:30,9.1,0,,,
2023-10-11T06:45,9.2,0,,,
2023-10-11T07:00,9.3,0,,,
2023-10-11T07:15,9.2,0,,,
2023-10-11T07:30,9.6,0,,,
2023-10-11T07:45,9.9,0,,,
2023-10-11T08:00,9.9,0,,,
2023-10-11T08:15,9.9,24.8,,,
2023-10-11T08:30,10.1,0,,,
2023-10-11T08:45,10.4,9.4,,,
2023-10-11T09:00,10.3,8.5,,,
2023-10-11T09:15,10.4,0,,,
2023-10-11T09:30,10.8,0,,,
2023-10-11T09:45,11.3,0,,,
2023-10-11T10:00,11.7,27.3,,,
2023-10-11T10:15,11.6,137.9,,,
2023-10-11T10:30,11.8,0,,,
2023-10-11T10:45,12,0,,,
2023-10-11T11:00,12.9,0,,,
2023-10-11T11:15,12.6,174.4,,,
2023-10-11T11:30,12.6,0,,,
2023-10-11T11:45,12.8,0,,,
2023-10-11T12:00,14.1,0,,,
2023-10-11T12:15,14.3,563.9,,,
2023-10-11T12:30,14.6,802.3,,,
2023-10-11T12:45,14.8,815.2,,,
2023-10-11T13:00,15.7,776.5,,,
2023-10-11T13:15,15.4,792.2,,,
2023-10-11T13:30,15.4,816,,,
2023-10-11T13:45,15.5,751.4,,,
2023-10-11T14:00,15.9,714.6,,,
2023-10-11T14:15,15.7,744.7,,,
2023-10-11T14:30,15.8,643.6,,,
2023-10-11T14:45,15.8,729.8,,,
2023-10-11T15:00,15.6,272.2,,,
2023-10-11T15:15,15.2,163.1,,,
2023-10-11T15:30,15.4,105.7,,,
2023-10-11T15:45,15.3,2.9,,,
2023-10-11T16:00,15.3,97.3,,,
2023-10-11T16:15,15.1,122,,,
2023-10-11T16:30,14.7,212,,,
2023-10-11T16:45,14.4,21,,,
2023-10-11T17:00,12.7,40.4,,,
2023-10-11T17:15,12.7,0,,,
2023-10-11T17:30,12.7,12.8,,,
2023-10-11T17:45,12.6,0,,,
2023-10-11T18:00,12,0,,,
2023-10-11T18:15,11.8,0,,,
2023-10-11T18:30,11.5,0,,,
2023-10-11T18:45,11.7,0,,,
2023-10-11T19:00,11.2,0,,,
2023-10-11T19:15,10.7,0,,,
2023-10-11T19:30,10.5,0,,,
2023-10-11T19:45,10.3,0,,,
2023-10-11T20:00,9.7,0,,,
2023-10-11T20:15,9.4,0,,,
2023-10-11T20:30,9.2,0,,,
2023-10-11T20:45,9,0,,,
2023-10-11T21:00,8.4,0,,,
2023-10-11T21:15,8.6,0,,,
2023-10-11T21:30,8.4,0,,,
2023-10-11T21:45,8.2,0,,,
2023-10-11T22:00,8.1,0,,,
2023-10-11T22:15,8.3,0,,,
2023-10-11T22:30,8.4,0,,,
2023-10-11T22:45,8.6,0,,,
2023-10-11T23:00,9.4,0,,,
2023-10-11T23:15,9,0,,,
2023-10-11T23:30,8.9,0,,,
2023-10-11T23:45,9.1,0,,,
2023-10-12T00:00,9.2,0,,,
2023-10-12T00:15,9.3,0,,,
2023-10-12T00:30,9.1,0,,,
2023-10-12T00:45,9,0,,,
2023-10-12T01:00,9.5,0,,,
2023-10-12T01:15,9.7,0,,,
2023-10-12T01:30,9.5,0,,,
2023-10-12T01:45,9.5,0,,,
2023-10-12T02:00,9.6,0,,,
2023-10-12T02:15,9.7,0,,,
2023-10-12T02:30,9.5,0,,,
2023-10-12T02:45,9.5,0,,,
2023-10-12T03:00,9.2,0,,,
2023-10-12T03:15,9.3,0,,,
2023-10-12T03:30,9.2,0,,,
2023-10-12T03:45,8.9,0,,,
2023-10-12T04:00,8.6,0,,,
2023-10-12T04:15,8.4,0,,,
2023-10-12T04:30,8.4,0,,,
2023-10-12T04:45,8.4,0,,,
2023-10-12T05:00,8.1,0,,,
2023-10-12T05:15,7.9,0,,,
2023-10-12T05:30,7.6,0,,,
2023-10-12T05:45,7.5,0,,,
2023-10-12T06:00,7.5,0,,,
2023-10-12T06:15,7.3,0,,,
2023-10-12T06:30,7.1,0,,,
2023-10-12T06:45,7,0,,,
2023-10-12T07:00,7.2,0,,,
2023-10-12T07:15,7.8,0,,,
2023-10-12T07:30,8.2,0,,,
2023-10-12T07:45,8.4,0,,,
2023-10-12T08:00,8.6,0,,,
2023-10-12T08:15,8.6,0,,,
2023-10-12T08:30,9,0,,,
2023-10-12T08:45,9.3,0,,,
2023-10-12T09:00,9.4,0,,,
2023-10-12T09:15,9.3,0,,,
2023-10-12T09:30,9.7,0,,,
2023-10-12T09:45,9.9,0,,,
2023-10-12T10:00,10.1,0,,,
2023-10-12T10:15,10.1,0,,,
2023-10-12T10:30,10.4,0,,,
2023-10-12T10:45,10.7,0,,,
2023-10-12T11:00,11.2,0,,,
2023-10-12T11:15,11.1,0,,,
2023-10-12T11:30,11.7,0,,,
2023-10-12T11:45,11.9,0,,,
2023-10-12T12:00,12.9,0,,,
2023-10-12T12:15,12.5,0,,,
2023-10-12T12:30,13.1,223.4,,,
2023-10-12T12:45,13.3,353,,,
2023-10-12T13:00,14.2,49.5,,,
2023-10-12T13:15,14,445.8,,,
2023-10-12T13:30,14.2,411.1,,,
2023-10-12T13:45,14.4,524.2,,,
2023-10-12T14:00,14.7,133.5,,,
2023-10-12T14:15,14.6,488.9,,,
2023-10-12T14:30,14.9,460.6,,,
2023-10-12T14:45,15,494.6,,,
2023-10-12T15:00,15.3,202.2,,,
2023-10-12T15:15,14.5,0,,,
2023-10-12T15:30,15.1,488.1,,,
2023-10-12T15:45,15,132.9,,,
2023-10-12T16:00,14.8,0,,,
2023-10-12T16:15,14.1,0,,,
2023-10-12T16:30,14.2,110.9,,,
2023-10-12T16:45,14.1,232.7,,,
2023-10-12T17:00,12.7,196,,,
2023-10-12T17:15,12.4,0,,,
2023-10-12T17:30,12,39.8,,,
2023-10-12T17:45,11.8,0,,,
2023-10-12T18:00,10.9,0,,,
2023-10-12T18:15,11,0,,,
2023-10-12T18:30,10.5,0,,,
2023-10-12T18:45,10.3,0,,,
2023-10-12T19:00,10.2,0,,,
2023-10-12T19:15,10.4,0,,,
2023-10-12T19:30,10.4,0,,,
2023-10-12T19:45,10.4,0,,,
2023-10-12T20:00,10.4,0,,,
2023-10-12T20:15,10.5,0,,,
2023-10-12T20:30,10.3,0,,,
2023-10-12T20:45,10.1,0,,,
2023-10-12T21:00,9.8,0,,,
2023-10-12T21:15,9.8,0,,,
2023-10-12T21:30,9.8,0,,,
2023-10-12T21:45,9.6,0,,,
2023-10-12T22:00,9.6,0,,,
2023-10-12T22:15,9.8,0,,,
2023-10-12T22:30,9.4,0,,,
2023-10-12T22:45,9.3,0,,,
2023-10-12T23:00,9.3,0,,,
2023-10-12T23:15,9.4,0,,,
2023-10-12T23:30,9.3,0,,,
2023-10-12T23:45,9.3,0,,,
2023-10-13T00:00,9.2,0,,,
2023-10-13T00:15,9.3,0,,,
2023-10-13T00:30,9.3,0,,,
2023-10-13T00:45,9.2,0,,,
2023-10-13T01:00,9.2,0,,,
2023-10-13T01:15,9.3,0,,,
2023-10-13T01:30,9.3,0,,,
2023-10-13T01:45,9.2,0,,,
2023-10-13T02:00,9.3,0,,,
2023-10-13T02:15,9.3,0,,,
2023-10-13T02:30,9.3,0,,,
2023-10-13T02:45,9.2,0,,,
2023-10-13T03:00,9.4,0,,,
2023-10-13T03:15,9.3,0,,,
2023-10-13T03:30,9.3,0,,,
2023-10-13T03:45,9.3,0,,,
2023-10-13T04:00,9.5,0,,,
2023-10-13T04:15,9.4,0,,,
2023-10-13T04:30,9.3,0,,,
2023-10-13T04:45,9.2,0,,,
2023-10-13T05:00,8.9,0,,,
2023-10-13T05:15,8.5,0,,,
2023-10-13T05:30,8.3,0,,,
2023-10-13T05:45,8,0,,,
2023-10-13T06:00,7.9,0,,,
2023-10-13T06:15,7.7,0,,,
2023-10-13T06:30,7.6,0,,,
2023-10-13T06:45,7.4,0,,,
2023-10-13T07:00,7.7,0,,,
2023-10-13T07:15,8.1,0,,,
2023-10-13T07:30,8.4,0,,,
2023-10-13T07:45,8.5,0,,,
2023-10-13T08:00,8.3,15.5,,,
2023-10-13T08:15,8.5,0,,,
2023-10-13T08:30,8.7,7.4,,,
2023-10-13T08:45,8.9,0,,,
2023-10-13T09:00,9.2,0,,,
2023-10-13T09:15,9.5,216.8,,,
2023-10-13T09:30,9.5,0,,,
2023-10-13T09:45,9.5,2.3,,,
2023-10-13T10:00,9.6,83.7,,,
2023-10-13T10:15,9.3,0,,,
2023-10-13T10:30,9,0,,,
2023-10-13T10:45,8.9,0,,,
2023-10-13T11:00,8.8,0,,,
2023-10-13T11:15,8.5,0,,,
2023-10-13T11:30,9.2,7,,,
2023-10-13T11:45,8.9,0,,,
2023-10-13T12:00,8.8,0,,,
2023-10-13T12:15,8.3,0,,,
2023-10-13T12:30,8.7,1.7,,,
2023-10-13T12:45,8.9,0,,,
2023-10-13T13:00,8.6,0,,,
2023-10-13T13:15,8.2,0,,,
2023-10-13T13:30,8.5,0,,,
2023-10-13T13:45,9.1,0,,,
2023-10-13T14:00,9.2,0,,,
2023-10-13T14:15,9.1,0,,,
2023-10-13T14:30,9.3,2.1,,,
2023-10-13T14:45,9.4,0,,,
2023-10-13T15:00,9.2,0,,,
2023-10-13T15:15,9.4,0,,,
2023-10-13T15:30,9.7,0,,,
2023-10-13T15:45,9.7,0,,,
2023-10-13T16:00,9.8,0,,,
2023-10-13T16:15,10,0,,,
2023-10-13T16:30,10,0,,,
2023-10-13T16:45,10.4,5.6,,,
2023-10-13T17:00,10.2,43.7,,,
2023-10-13T17:15,10.3,10.6,,,
2023-10-13T17:30,9.9,42.3,,,
2023-10-13T17:45,9.7,0,,,
2023-10-13T18:00,10,0,,,
2023-10-13T18:15,10,0,,,
2023-10-13T18:30,10,0,,,
2023-10-13T18:45,9.7,0,,,
2023-10-13T19:00,9.5,0,,,
2023-10-13T19:15,9.3,0,,,
2023-10-13T19:30,9,0,,,
2023-10-13T19:45,9,0,,,
2023-10-13T20:00,9.3,0,,,
2023-10-13T20:15,9.1,0,,,
2023-10-13T20:30,9,0,,,
2023-10-13T20:45,8.8,0,,,
2023-10-13T21:00,9.4,0,,,
2023-10-13T21:15,9.3,0,,,
2023-10-13T21:30,9.1,0,,,
2023-10-13T21:45,9,0,,,
2023-10-13T22:00,9.3,0,,,
2023-10-13T22:15,9.2,0,,,
2023-10-13T22:30,9,0,,,
2023-10-13T22:45,8.9,0,,,
2023-10-13T23:00,9.3,0,,,
2023-10-13T23:15,9.2,0,,,
2023-10-13T23:30,9.1,0,,,
2023-10-13T23:45,9,0,,,
2023-10-14T00:00,9.3,0,,,
2023-10-14T00:15,9.1,0,,,
2023-10-14T00:30,9,0,,,
2023-10-14T00:45,8.9,0,,,
2023-10-14T01:00,9.2,0,,,
2023-10-14T01:15,9.1,0,,,
2023-10-14T01:30,9,0,,,
2023-10-14T01:45,8.9,0,,,
2023-10-14T02:00,9.1,0,,,
2023-10-14T02:15,9,0,,,
2023-10-14T02:30,8.9,0,,,
2023-10-14T02:45,8.8,0,,,
2023-10-14T03:00,8.8,0,,,
2023-10-14T03:15,8.8,0,,,
2023-10-14T03:30,8.7,0,,,
2023-10-14T03:45,8.6,0,,,
2023-10-14T04:00,8.7,0,,,
2023-10-14T04:15,8.6,0,,,
2023-10-14T04:30,8.5,0,,,
2023-10-14T04:45,8.5,0,,,
2023-10-14T05:00,8.4,0,,,
2023-10-14T05:15,8.4,0,,,
2023-10-14T05:30,8.3,0,,,
2023-10-14T05:45,8.2,0,,,
2023-10-14T06:00,8.4,0,,,
2023-10-14T06:15,8.3,0,,,
2023-10-14T06:30,8.2,0,,,
2023-10-14T06:45,8.2,0,,,
2023-10-14T07:00,8.8,0,,,
2023-10-14T07:15,8.9,76.9,,,
2023-10-14T07:30,9.2,285.9,,,
2023-10-14T07:45,9.6,393.6,,,
2023-10-14T08:00,10.1,476.8,,,
2023-10-14T08:15,10.3,537.4,,,
2023-10-14T08:30,10.6,601.6,,,
2023-10-14T08:45,11,649.7,,,
2023-10-14T09:00,11.2,688,,,
2023-10-14T09:15,11.2,655.7,,,
2023-10-14T09:30,11.3,0,,,
2023-10-14T09:45,11.5,0,,,
2023-10-14T10:00,11.8,10.8,,,
2023-10-14T10:15,12,650.3,,,
2023-10-14T10:30,12.2,301.2,,,
2023-10-14T10:45,12.2,0,,,
2023-10-14T11:00,12.6,141.5,,,
2023-10-14T11:15,12.2,281.3,,,
2023-10-14T11:30,12.3,0,,,
2023-10-14T11:45,12.3,5.2,,,
2023-10-14T12:00,12.5,0,,,
2023-10-14T12:15,12.2,1.7,,,
2023-10-14T12:30,12.3,27.4,,,
2023-10-14T12:45,12.6,151.4,,,
2023-10-14T13:00,12.5,13.9,,,
2023-10-14T13:15,12.3,442.1,,,
2023-10-14T13:30,12.2,0,,,
2023-10-14T13:45,12,1.9,,,
2023-10-14T14:00,12.6,0,,,
2023-10-14T14:15,12.5,497.8,,,
2023-10-14T14:30,12.4,0,,,
2023-10-14T14:45,12.3,0,,,
2023-10-14T15:00,12.4,0,,,
2023-10-14T15:15,12.5,675.5,,,
2023-10-14T15:30,12.6,467.4,,,
2023-10-14T15:45,12.5,571.3,,,
2023-10-14T16:00,12.1,0,,,
2023-10-14T16:15,12,67.1,,,
2023-10-14T16:30,11.9,242.8,,,
2023-10-14T16:45,11.5,501.3,,,
2023-10-14T17:00,11.9,318.9,,,
2023-10-14T17:15,11.2,251.1,,,
2023-10-14T17:30,10.7,128.8,,,
2023-10-14T17:45,10.4,0,,,
2023-10-14T18:00,11,0,,,
2023-10-14T18:15,10.5,0,,,
2023-10-14T18:30,10.1,0,,,
2023-10-14T18:45,9.8,0,,,
2023-10-14T19:00,10.1,0,,,
2023-10-14T19:15,9.8,0,,,
2023-10-14T19:30,9.6,0,,,
2023-10-14T19:45,9.4,0,,,
2023-10-14T20:00,9.4,0,,,
2023-10-14T20:15,9.2,0,,,
2023-10-14T20:30,9,0,,,
2023-10-14T20:45,8.9,0,,,
2023-10-14T21:00,8.9,0,,,
2023-10-14T21:15,9.3,0,,,
2023-10-14T21:30,8.8,0,,,
2023-10-14T21:45,8.6,0,,,
2023-10-14T22:00,8.3,0,,,
2023-10-14T22:15,8.2,0,,,
2023-10-14T22:30,8.1,0,,,
2023-10-14T22:45,7.9,0,,,
2023-10-14T23:00,7.8,0,,,
2023-10-14T23:15,7.6,0,,,
2023-10-14T23:30,7.4,0,,,
2023-10-14T23:45,7.2,0,,,
2023-10-15T00:00,6.9,0,,,
2023-10-15T00:15,6.9,0,,,
2023-10-15T00:30,6.9,0,,,
2023-10-15T00:45,6.9,0,,,
2023-10-15T01:00,6.8,0,,,
2023-10-15T01:15,6.7,0,,,
2023-10-15T01:30,6.8,0,,,
2023-10-15T01:45,6.8,0,,,
2023-10-15T02:00,7.2,0,,,
2023-10-15T02:15,7.2,0,,,
2023-10-15T02:30,7.1,0,,,
2023-10-15T02:45,7,0,,,
2023-10-15T03:00,7.1,0,,,
2023-10-15T03:15,7,0,,,
2023-10-15T03:30,6.9,0,,,
2023-10-15T03:45,6.8,0,,,
2023-10-15T04:00,7,0,,,
2023-10-15T04:15,6.9,0,,,
2023-10-15T04:30,6.8,0,,,
2023-10-15T04:45,6.7,0,,,
2023-10-15T05:00,6.6,0,,,
2023-10-15T05:15,6.5,0,,,
2023-10-15T05:30,6.3,0,,,
2023-10-15T05:45,6.3,0,,,
2023-10-15T06:00,6.4,0,,,
2023-10-15T06:15,6.4,0,,,
2023-10-15T06:30,6.7,0,,,
2023-10-15T06:45,6.6,0,,,
2023-10-15T07:00,6.4,0,,,
2023-10-15T07:15,6.3,52.7,,,
2023-10-15T07:30,6.6,277.9,,,
2023-10-15T07:45,7.1,384.2,,,
2023-10-15T08:00,8.1,471.6,,,
2023-10-15T08:15,8.7,534.4,,,
2023-10-15T08:30,8.9,596.5,,,
2023-10-15T08:45,9.1,216.5,,,
2023-10-15T09:00,10.1,503.6,,,
2023-10-15T09:15,9.9,617.8,,,
2023-10-15T09:30,10.2,249.7,,,
2023-10-15T09:45,10.4,332.8,,,
2023-10-15T10:00,11,422.7,,,
2023-10-15T10:15,10.8,530,,,
2023-10-15T10:30,10.7,0,,,
2023-10-15T10:45,10.5,0,,,
2023-10-15T11:00,11.4,27.8,,,
2023-10-15T11:15,11.2,385.1,,,
2023-10-15T11:30,11.3,0,,,
2023-10-15T11:45,11.3,0,,,
2023-10-15T12:00,11.7,79.6,,,
2023-10-15T12:15,11.8,524.1,,,
2023-10-15T12:30,11.8,0,,,
2023-10-15T12:45,11.7,0,,,
2023-10-15T13:00,11.8,0,,,
2023-10-15T13:15,11.4,0,,,
2023-10-15T13:30,11.6,1.8,,,
2023-10-15T13:45,11.6,0,,,
2023-10-15T14:00,12,0,,,
2023-10-15T14:15,11.6,165.8,,,
2023-10-15T14:30,11.3,0,,,
2023-10-15T14:45,11,0,,,
2023-10-15T15:00,10.7,0,,,
2023-10-15T15:15,10.4,0,,,
2023-10-15T15:30,10.4,0,,,
2023-10-15T15:45,10.5,0,,,
2023-10-15T16:00,10.7,0,,,
2023-10-15T16:15,10.4,0,,,
2023-10-15T16:30,10.5,0,,,
2023-10-15T16:45,10.6,0,,,
2023-10-15T17:00,10.8,0,,,
2023-10-15T17:15,10.6,11.3,,,
2023-10-15T17:30,10.5,29.8,,,
2023-10-15T17:45,10.3,0,,,
2023-10-15T18:00,10.6,0,,,
2023-10-15T18:15,10.7,0,,,
2023-10-15T18:30,10.7,0,,,
2023-10-15T18:45,10.7,0,,,
2023-10-15T19:00,10.9,0,,,
2023-10-15T19:15,10.8,0,,,
2023-10-15T19:30,10.6,0,,,
2023-10-15T19:45,10.6,0,,,
2023-10-15T20:00,10.5,0,,,
2023-10-15T20:15,10.2,0,,,
2023-10-15T20:30,10.2,0,,,
2023-10-15T20:45,9.8,0,,,
2023-10-15T21:00,9.9,0,,,
2023-10-15T21:15,10.2,0,,,
2023-10-15T21:30,10.1,0,,,
2023-10-15T21:45,10.3,0,,,
2023-10-15T22:00,10.4,0,,,
2023-10-15T22:15,10.4,0,,,
2023-10-15T22:30,10.4,0,,,
2023-10-15T22:45,10.5,0,,,
2023-10-15T23:00,10.5,0,,,
2023-10-15T23:15,9.9,0,,,
2023-10-15T23:30,10.3,0,,,
2023-10-15T23:45,10.4,0,,,
2023-10-16T00:00,10.3,0,,,
2023-10-16T00:15,10.4,0,,,
2023-10-16T00:30,10.3,0,,,
2023-10-16T00:45,10.3,0,,,
2023-10-16T01:00,9.8,0,,,
2023-10-16T01:15,9.4,0,,,
2023-10-16T01:30,9.2,0,,,
2023-10-16T01:45,8.9,0,,,
2023-10-16T02:00,9.2,0,,,
2023-10-16T02:15,9,0,,,
2023-10-16T02:30,8.8,0,,,
2023-10-16T02:45,8.8,0,,,
2023-10-16T03:00,9,0,,,
2023-10-16T03:15,8.8,0,,,
2023-10-16T03:30,8.7,0,,,
2023-10-16T03:45,8.6,0,,,
2023-10-16T04:00,8.9,0,,,
2023-10-16T04:15,8.6,0,,,
2023-10-16T04:30,8.4,0,,,
2023-10-16T04:45,8.2,0,,,
2023-10-16T05:00,8.6,0,,,
2023-10-16T05:15,8.5,0,,,
2023-10-16T05:30,8.5,0,,,
2023-10-16T05:45,8.4,0,,,
2023-10-16T06:00,8.9,0,,,
2023-10-16T06:15,8.9,0,,,
2023-10-16T06:30,8.7,0,,,
2023-10-16T06:45,8.6,0,,,
2023-10-16T07:00,9.1,0,,,
2023-10-16T07:15,9.2,0,,,
2023-10-16T07:30,9.2,0,,,
2023-10-16T07:45,9.6,50.4,,,
2023-10-16T08:00,9.8,0,,,
2023-10-16T08:15,10.1,0,,,
2023-10-16T08:30,10.1,0,,,
2023-10-16T08:45,10.3,6.8,,,
2023-10-16T09:00,10.5,0,,,
2023-10-16T09:15,10.3,0,,,
2023-10-16T09:30,10.5,0,,,
2023-10-16T09:45,11,0,,,
2023-10-16T10:00,10.6,2.2,,,
2023-10-16T10:15,10.7,0,,,
2023-10-16T10:30,11.5,10,,,
2023-10-16T10:45,11.3,0,,,
2023-10-16T11:00,11.4,1.9,,,
2023-10-16T11:15,11.3,0,,,
2023-10-16T11:30,12.3,182.5,,,
2023-10-16T11:45,12.7,114.6,,,
2023-10-16T12:00,12.2,24.5,,,
2023-10-16T12:15,11.7,0,,,
2023-10-16T12:30,12.6,5.2,,,
2023-10-16T12:45,12.7,0,,,
2023-10-16T13:00,12,0,,,
2023-10-16T13:15,11.8,0,,,
2023-10-16T13:30,11.6,0,,,
2023-10-16T13:45,11.5,0,,,
2023-10-16T14:00,11.1,2,,,
2023-10-16T14:15,11.2,0,,,
2023-10-16T14:30,11.5,0,,,
2023-10-16T14:45,11.3,0,,,
2023-10-16T15:00,11.5,2.4,,,
2023-10-16T15:15,11.1,0,,,
2023-10-16T15:30,11,0,,,
2023-10-16T15:45,11.3,3.2,,,
2023-10-16T16:00,11.1,17.9,,,
2023-10-16T16:15,10.9,4.1,,,
2023-10-16T16:30,11,0,,,
2023-10-16T16:45,10.8,0,,,
2023-10-16T17:00,10.6,33.1,,,
2023-10-16T17:15,10.5,0,,,
2023-10-16T17:30,10.5,46.6,,,
2023-10-16T17:45,10.4,0,,,
2023-10-16T18:00,10.2,0,,,
2023-10-16T18:15,10.2,0,,,
2023-10-16T18:30,10.2,0,,,
2023-10-16T18:45,10.1,0,,,
2023-10-16T19:00,10,0,,,
2023-10-16T19:15,10,0,,,
2023-10-16T19:30,10,0,,,
2023-10-16T19:45,10,0,,,
2023-10-16T20:00,9.8,0,,,
2023-10-16T20:15,9.9,0,,,
2023-10-16T20:30,9.9,0,,,
2023-10-16T20:45,9.9,0,,,
2023-10-16T21:00,9.8,0,,,
2023-10-16T21:15,9.8,0,,,
2023-10-16T21:30,9.9,0,,,
2023-10-16T21:45,9.9,0,,,
2023-10-16T22:00,9.7,0,,,
2023-10-16T22:15,9.6,0,,,
2023-10-16T22:30,9.6,0,,,
2023-10-16T22:45,9.6,0,,,
2023-10-16T23:00,9.3,0,,,
2023-10-16T23:15,9.3,0,,,
2023-10-16T23:30,9.3,0,,,
2023-10-16T23:45,9.2,0,,,
2023-10-17T00:00,9.1,0,,,
2023-10-17T00:15,9,0,,,
2023-10-17T00:30,9,0,,,
2023-10-17T00:45,9,0,,,
2023-10-17T01:00,8.9,0,,,
2023-10-17T01:15,8.8,0,,,
2023-10-17T01:30,8.6,0,,,
2023-10-17T01:45,8.5,0,,,
2023-10-17T02:00,8.3,0,,,
2023-10-17T02:15,8.4,0,,,
2023-10-17T02:30,8.4,0,,,
2023-10-17T02:45,8.4,0,,,
2023-10-17T03:00,8.4,0,,,
2023-10-17T03:15,8.1,0,,,
2023-10-17T03:30,8.3,0,,,
2023-10-17T03:45,8.2,0,,,
2023-10-17T04:00,8.2,0,,,
2023-10-17T04:15,7.8,0,,,
2023-10-17T04:30,7.5,0,,,
2023-10-17T04:45,7.3,0,,,
2023-10-17T05:00,7.1,0,,,
2023-10-17T05:15,6.8,0,,,
2023-10-17T05:30,6.6,0,,,
2023-10-17T05:45,6.3,0,,,
2023-10-17T06:00,6.2,0,,,
2023-10-17T06:15,6,0,,,
2023-10-17T06:30,5.8,0,,,
2023-10-17T06:45,5.7,0,,,
2023-10-17T07:00,5.7,0,,,
2023-10-17T07:15,5.7,13.9,,,
2023-10-17T07:30,5.8,150.1,,,
2023-10-17T07:45,6.2,341.5,,,
2023-10-17T08:00,6.2,415,,,
2023-10-17T08:15,6.6,472.5,,,
2023-10-17T08:30,7,581.8,,,
2023-10-17T08:45,7.3,607.5,,,
2023-10-17T09:00,7.6,621.7,,,
2023-10-17T09:15,7.9,633.6,,,
2023-10-17T09:30,8.2,547.1,,,
2023-10-17T09:45,8.5,614,,,
2023-10-17T10:00,9,592.8,,,
2023-10-17T10:15,9,689.4,,,
2023-10-17T10:30,9.3,691.3,,,
2023-10-17T10:45,9.5,647.8,,,
2023-10-17T11:00,10,631.3,,,
2023-10-17T11:15,9.8,401.5,,,
2023-10-17T11:30,9.8,99.3,,,
2023-10-17T11:45,9.8,0,,,
2023-10-17T12:00,9.8,0,,,
2023-10-17T12:15,9.5,0,,,
2023-10-17T12:30,9.8,0,,,
2023-10-17T12:45,9.8,0,,,
2023-10-17T13:00,10,0,,,
2023-10-17T13:15,10,400.6,,,
2023-10-17T13:30,10.3,413.4,,,
2023-10-17T13:45,10.2,40.2,,,
2023-10-17T14:00,10.1,6,,,
2023-10-17T14:15,9.9,144.7,,,
2023-10-17T14:30,10,2.2,,,
2023-10-17T14:45,10,82.7,,,
2023-10-17T15:00,10.4,319.2,,,
2023-10-17T15:15,10.2,474.7,,,
2023-10-17T15:30,10.1,263.9,,,
2023-10-17T15:45,10,0,,,
2023-10-17T16:00,9.9,0,,,
2023-10-17T16:15,9.9,0,,,
2023-10-17T16:30,9.7,35.4,,,
2023-10-17T16:45,9.6,38.2,,,
2023-10-17T17:00,9.3,26,,,
2023-10-17T17:15,9.4,12,,,
2023-10-17T17:30,9.2,48.6,,,
2023-10-17T17:45,9,0,,,
2023-10-17T18:00,8.7,0,,,
2023-10-17T18:15,8.6,0,,,
2023-10-17T18:30,8.2,0,,,
2023-10-17T18:45,7.7,0,,,
2023-10-17T19:00,7.1,0,,,
2023-10-17T19:15,6.9,0,,,
2023-10-17T19:30,7.3,0,,,
2023-10-17T19:45,7.5,0,,,
2023-10-17T20:00,7.2,0,,,
2023-10-17T20:15,6.7,0,,,
2023-10-17T20:30,6.7,0,,,
2023-10-17T20:45,6.8,0,,,
2023-10-17T21:00,6.8,0,,,
2023-10-17T21:15,6.3,0,,,
2023-10-17T21:30,6.2,0,,,
2023-10-17T21:45,6.1,0,,,
2023-10-17T22:00,6.5,0,,,
2023-10-17T22:15,6.6,0,,,
2023-10-17T22:30,6.6,0,,,
2023-10-17T22:45,6.3,0,,,
2023-10-17T23:00,6.7,0,,,
2023-10-17T23:15,6.2,0,,,
2023-10-17T23:30,5.9,0,,,
2023-10-17T23:45,5.6,0,,,
2023-10-18T00:00,5.6,0,,,
2023-10-18T00:15,5.4,0,,,
2023-10-18T00:30,5.1,0,,,
2023-10-18T00:45,4.8,0,,,
2023-10-18T01:00,5.1,0,,,
2023-10-18T01:15,4.9,0,,,
2023-10-18T01:30,4.7,0,,,
2023-10-18T01:45,4.5,0,,,
2023-10-18T02:00,4.4,0,,,
2023-10-18T02:15,4.3,0,,,
2023-10-18T02:30,4.1,0,,,
2023-10-18T02:45,4,0,,,
2023-10-18T03:00,3.7,0,,,
2023-10-18T03:15,3.6,0,,,
2023-10-18T03:30,3.4,0,,,
2023-10-18T03:45,3.3,0,,,
2023-10-18T04:00,2.9,0,,,
2023-10-18T04:15,3,0,,,
2023-10-18T04:30,2.9,0,,,
2023-10-18T04:45,2.8,0,,,
2023-10-18T05:00,3.9,0,,,
2023-10-18T05:15,3.7,0,,,
2023-10-18T05:30,3.5,0,,,
2023-10-18T05:45,3.3,0,,,
2023-10-18T06:00,3.6,0,,,
2023-10-18T06:15,3.4,0,,,
2023-10-18T06:30,3.2,0,,,
2023-10-18T06:45,2.9,0,,,
2023-10-18T07:00,3.6,0,,,
2023-10-18T07:15,3.5,0,,,
2023-10-18T07:30,3.7,87.8,,,
2023-10-18T07:45,4.1,245.3,,,
2023-10-18T08:00,5.1,419.6,,,
2023-10-18T08:15,5.7,501.2,,,
2023-10-18T08:30,6.4,564.1,,,
2023-10-18T08:45,7,564.7,,,
2023-10-18T09:00,7.9,655.3,,,
2023-10-18T09:15,7.9,2.8,,,
2023-10-18T09:30,8.2,0,,,
2023-10-18T09:45,8.7,108.3,,,
2023-10-18T10:00,9.8,425.1,,,
2023-10-18T10:15,10,550.8,,,
2023-10-18T10:30,10.3,612.2,,,
2023-10-18T10:45,10.7,752.6,,,
2023-10-18T11:00,12,711.7,,,
2023-10-18T11:15,11.7,639.6,,,
2023-10-18T11:30,12,699.8,,,
2023-10-18T11:45,12.2,793.8,,,
2023-10-18T12:00,14.2,788.3,,,
2023-10-18T12:15,13.6,762.2,,,
2023-10-18T12:30,13.6,832.3,,,
2023-10-18T12:45,13.7,735.9,,,
2023-10-18T13:00,14.8,789.8,,,
2023-10-18T13:15,14.5,781.5,,,
2023-10-18T13:30,14.5,816.5,,,
2023-10-18T13:45,14.6,813.2,,,
2023-10-18T14:00,15.3,798.2,,,
2023-10-18T14:15,14.4,0,,,
2023-10-18T14:30,14.6,771.2,,,
2023-10-18T14:45,14.6,663.4,,,
2023-10-18T15:00,14.8,547.6,,,
2023-10-18T15:15,14.4,715.8,,,
2023-10-18T15:30,14.2,663,,,
2023-10-18T15:45,14,586.5,,,
2023-10-18T16:00,14.6,427.3,,,
2023-10-18T16:15,14.1,544.4,,,
2023-10-18T16:30,13.5,0,,,
2023-10-18T16:45,13,26.4,,,
2023-10-18T17:00,12.8,81.9,,,
2023-10-18T17:15,12.1,136.3,,,
2023-10-18T17:30,11.4,84.6,,,
2023-10-18T17:45,10.9,0,,,
2023-10-18T18:00,10.7,0,,,
2023-10-18T18:15,10.3,0,,,
2023-10-18T18:30,10,0,,,
2023-10-18T18:45,9.8,0,,,
2023-10-18T19:00,9.6,0,,,
2023-10-18T19:15,9.4,0,,,
2023-10-18T19:30,9.2,0,,,
2023-10-18T19:45,9.1,0,,,
2023-10-18T20:00,8.8,0,,,
2023-10-18T20:15,8.7,0,,,
2023-10-18T20:30,8.5,0,,,
2023-10-18T20:45,8.4,0,,,
2023-10-18T21:00,8,0,,,
2023-10-18T21:15,7.8,0,,,
2023-10-18T21:30,7.7,0,,,
2023-10-18T21:45,7.6,0,,,
2023-10-18T22:00,7.2,0,,,
2023-10-18T22:15,7.1,0,,,
2023-10-18T22:30,7,0,,,
2023-10-18T22:45,6.9,0,,,
2023-10-18T23:00,6.9,0,,,
2023-10-18T23:15,6.6,0,,,
2023-10-18T23:30,6.4,0,,,
2023-10-18T23:45,6.2,0,,,
2023-10-19T00:00,6.2,0,,,
2023-10-19T00:15,6,0,,,
2023-10-19T00:30,5.7,0,,,
2023-10-19T00:45,5.6,0,,,
2023-10-19T01:00,6.2,0,,,
2023-10-19T01:15,6,0,,,
2023-10-19T01:30,5.9,0,,,
2023-10-19T01:45,5.8,0,,,
2023-10-19T02:00,6.2,0,,,
2023-10-19T02:15,6,0,,,
2023-10-19T02:30,5.9,0,,,
2023-10-19T02:45,5.8,0,,,
2023-10-19T03:00,6.5,0,,,
2023-10-19T03:15,6.3,0,,,
2023-10-19T03:30,6.2,0,,,
2023-10-19T03:45,6.2,0,,,
2023-10-19T04:00,6.4,0,,,
2023-10-19T04:15,6.3,0,,,
2023-10-19T04:30,6.2,0,,,
2023-10-19T04:45,6,0,,,
2023-10-19T05:00,6.4,0,,,
2023-10-19T05:15,6.3,0,,,
2023-10-19T05:30,6.1,0,,,
2023-10-19T05:45,6,0,,,
2023-10-19T06:00,6.6,0,,,
2023-10-19T06:15,6.4,0,,,
2023-10-19T06:30,6.1,0,,,
2023-10-19T06:45,5.9,0,,,
2023-10-19T07:00,6.9,0,,,
2023-10-19T07:15,6.8,0,,,
2023-10-19T07:30,6.8,202.2,,,
2023-10-19T07:45,7,332.7,,,
2023-10-19T08:00,7.8,430.3,,,
2023-10-19T08:15,8.5,477.9,,,
2023-10-19T08:30,9,549.8,,,
2023-10-19T08:45,9.8,506.4,,,
2023-10-19T09:00,9.7,611.1,,,
2023-10-19T09:15,10.5,664.5,,,
2023-10-19T09:30,11.2,678.4,,,
2023-10-19T09:45,11.8,630.5,,,
2023-10-19T10:00,11.1,262.9,,,
2023-10-19T10:15,11.8,498.1,,,
2023-10-19T10:30,12.4,678.4,,,
2023-10-19T10:45,12.8,600.9,,,
2023-10-19T11:00,13,643.5,,,
2023-10-19T11:15,13.4,810.9,,,
2023-10-19T11:30,13.9,802,,,
2023-10-19T11:45,14.2,823,,,
2023-10-19T12:00,14.6,684.3,,,
2023-10-19T12:15,14.5,740.7,,,
2023-10-19T12:30,14.6,736.3,,,
2023-10-19T12:45,14.7,822.3,,,
2023-10-19T13:00,15.5,795.7,,,
2023-10-19T13:15,15.2,648.1,,,
2023-10-19T13:30,15.4,790.6,,,
2023-10-19T13:45,15.4,796.4,,,
2023-10-19T14:00,15.5,788.7,,,
2023-10-19T14:15,15.4,731.9,,,
2023-10-19T14:30,15.3,751.7,,,
2023-10-19T14:45,15.3,707.3,,,
2023-10-19T15:00,15.5,719.2,,,
2023-10-19T15:15,15.2,581.7,,,
2023-10-19T15:30,15.1,613.8,,,
2023-10-19T15:45,15,607.1,,,
2023-10-19T16:00,15.1,576.3,,,
2023-10-19T16:15,14.5,526.4,,,
2023-10-19T16:30,14.1,454.8,,,
2023-10-19T16:45,13.6,362.1,,,
2023-10-19T17:00,13.7,267.5,,,
2023-10-19T17:15,12.9,128.1,,,
2023-10-19T17:30,12.3,70.8,,,
2023-10-19T17:45,11.8,0,,,
2023-10-19T18:00,11.9,0,,,
2023-10-19T18:15,11.5,0,,,
2023-10-19T18:30,11.1,0,,,
2023-10-19T18:45,10.8,0,,,
2023-10-19T19:00,10.9,0,,,
2023-10-19T19:15,10.7,0,,,
2023-10-19T19:30,10.4,0,,,
2023-10-19T19:45,10.2,0,,,
2023-10-19T20:00,10,0,,,
2023-10-19T20:15,9.7,0,,,
2023-10-19T20:30,9.5,0,,,
2023-10-19T20:45,9.3,0,,,
2023-10-19T21:00,8.8,0,,,
2023-10-19T21:15,8.7,0,,,
2023-10-19T21:30,8.5,0,,,
2023-10-19T21:45,8.3,0,,,
2023-10-19T22:00,8.4,0,,,
2023-10-19T22:15,8.2,0,,,
2023-10-19T22:30,8.2,0,,,
2023-10-19T22:45,8,0,,,
2023-10-19T23:00,8.2,0,,,
2023-10-19T23:15,8,0,,,
2023-10-19T23:30,7.8,0,,,
2023-10-19T23:45,7.6,0,,,
2023-10-20T00:00,7.9,0,,,
2023-10-20T00:15,8.2,0,,,
2023-10-20T00:30,8.1,0,,,
2023-10-20T00:45,7.9,0,,,
2023-10-20T01:00,8.2,0,,,
2023-10-20T01:15,8.2,0,,,
2023-10-20T01:30,8.3,0,,,
2023-10-20T01:45,8.8,0,,,
2023-10-20T02:00,9.1,0,,,
2023-10-20T02:15,9.5,0,,,
2023-10-20T02:30,9.3,0,,,
2023-10-20T02:45,9.1,0,,,
2023-10-20T03:00,9.5,0,,,
2023-10-20T03:15,9.8,0,,,
2023-10-20T03:30,9.5,0,,,
2023-10-20T03:45,9.8,0,,,
2023-10-20T04:00,9.8,0,,,
2023-10-20T04:15,9.9,0,,,
2023-10-20T04:30,9.7,0,,,
2023-10-20T04:45,9.6,0,,,
2023-10-20T05:00,9.9,0,,,
2023-10-20T05:15,10.3,0,,,
2023-10-20T05:30,10.5,0,,,
2023-10-20T05:45,10.5,0,,,
2023-10-20T06:00,11.1,0,,,
2023-10-20T06:15,10.7,0,,,
2023-10-20T06:30,10.3,0,,,
2023-10-20T06:45,10.1,0,,,
2023-10-20T07:00,10.5,0,,,
2023-10-20T07:15,10.4,0,,,
2023-10-20T07:30,10.9,0,,,
2023-10-20T07:45,11.2,0,,,
2023-10-20T08:00,11.7,0,,,
2023-10-20T08:15,11.4,0,,,
2023-10-20T08:30,12,174.2,,,
2023-10-20T08:45,12.3,0,,,
2023-10-20T09:00,12.5,0,,,
2023-10-20T09:15,12.8,199.4,,,
2023-10-20T09:30,12.9,31.8,,,
2023-10-20T09:45,13.1,14.8,,,
2023-10-20T10:00,13.7,34.7,,,
2023-10-20T10:15,13.7,214.5,,,
2023-10-20T10:30,13.4,0,,,
2023-10-20T10:45,13.2,0,,,
2023-10-20T11:00,14.4,0,,,
2023-10-20T11:15,14.5,540.1,,,
2023-10-20T11:30,14.2,0,,,
2023-10-20T11:45,14.4,22,,,
2023-10-20T12:00,15.6,0,,,
2023-10-20T12:15,15.6,601.4,,,
2023-10-20T12:30,15.5,101.3,,,
2023-10-20T12:45,15.4,0,,,
2023-10-20T13:00,16,0,,,
2023-10-20T13:15,15.8,437,,,
2023-10-20T13:30,15.9,234.2,,,
2023-10-20T13:45,16.1,409.3,,,
2023-10-20T14:00,16.4,297.2,,,
2023-10-20T14:15,15.1,0,,,
2023-10-20T14:30,15.3,0,,,
2023-10-20T14:45,15.4,305.7,,,
2023-10-20T15:00,16.3,452.8,,,
2023-10-20T15:15,16,618.1,,,
2023-10-20T15:30,16,471.7,,,
2023-10-20T15:45,15.7,397.4,,,
2023-10-20T16:00,15.6,328.9,,,
2023-10-20T16:15,15.1,457.4,,,
2023-10-20T16:30,14.7,390.9,,,
2023-10-20T16:45,14.2,311.8,,,
2023-10-20T17:00,14.3,211.1,,,
2023-10-20T17:15,13.7,92.8,,,
2023-10-20T17:30,13.6,0,,,
2023-10-20T17:45,13.7,0,,,
2023-10-20T18:00,14.2,0,,,
2023-10-20T18:15,14.2,0,,,
2023-10-20T18:30,14,0,,,
2023-10-20T18:45,13.5,0,,,
2023-10-20T19:00,13.9,0,,,
2023-10-20T19:15,14.3,0,,,
2023-10-20T19:30,14.3,0,,,
2023-10-20T19:45,14.2,0,,,
2023-10-20T20:00,14.3,0,,,
2023-10-20T20:15,14.1,0,,,
2023-10-20T20:30,13.5,0,,,
2023-10-20T20:45,13.2,0,,,
2023-10-20T21:00,13.1,0,,,
2023-10-20T21:15,13.1,0,,,
2023-10-20T21:30,12.7,0,,,
2023-10-20T21:45,12.7,0,,,
2023-10-20T22:00,13.1,0,,,
2023-10-20T22:15,13.1,0,,,
2023-10-20T22:30,12.8,0,,,
2023-10-20T22:45,13,0,,,
2023-10-20T23:00,12.8,0,,,
2023-10-20T23:15,12.9,0,,,
2023-10-20T23:30,12.8,0,,,
2023-10-20T23:45,12.8,0,,,
2023-10-21T00:00,12.5,0,,,
2023-10-21T00:15,12.9,0,,,
2023-10-21T00:30,13.1,0,,,
2023-10-21T00:45,13.2,0,,,
2023-10-21T01:00,13.2,0,,,
2023-10-21T01:15,13.2,0,,,
2023-10-21T01:30,13.3,0,,,
2023-10-21T01:45,13.1,0,,,
2023-10-21T02:00,13,0,,,
2023-10-21T02:15,13,0,,,
2023-10-21T02:30,13,0,,,
2023-10-21T02:45,13.1,0,,,
2023-10-21T03:00,13,0,,,
2023-10-21T03:15,13.1,0,,,
2023-10-21T03:30,13,0,,,
2023-10-21T03:45,13.1,0,,,
2023-10-21T04:00,13.1,0,,,
2023-10-21T04:15,12.9,0,,,
2023-10-21T04:30,13.1,0,,,
2023-10-21T04:45,13.1,0,,,
2023-10-21T05:00,13.1,0,,,
2023-10-21T05:15,13.1,0,,,
2023-10-21T05:30,13.2,0,,,
2023-10-21T05:45,13.2,0,,,
2023-10-21T06:00,13,0,,,
2023-10-21T06:15,12.7,0,,,
2023-10-21T06:30,12.8,0,,,
2023-10-21T06:45,12.9,0,,,
2023-10-21T07:00,12.7,0,,,
2023-10-21T07:15,12.5,0,,,
2023-10-21T07:30,12.7,0,,,
2023-10-21T07:45,12.9,0,,,
2023-10-21T08:00,12.7,0,,,
2023-10-21T08:15,12.6,5,,,
2023-10-21T08:30,13.1,4.2,,,
2023-10-21T08:45,13.3,0,,,
2023-10-21T09:00,13,3.2,,,
2023-10-21T09:15,13.2,64.4,,,
2023-10-21T09:30,13.4,13.4,,,
2023-10-21T09:45,13.8,0,,,
2023-10-21T10:00,14.2,0,,,
2023-10-21T10:15,14.4,438,,,
2023-10-21T10:30,14.2,0,,,
2023-10-21T10:45,14.4,0,,,
2023-10-21T11:00,15,3.9,,,
2023-10-21T11:15,14.9,281.2,,,
2023-10-21T11:30,14.8,0,,,
2023-10-21T11:45,14.9,1.8,,,
2023-10-21T12:00,15.8,36.6,,,
2023-10-21T12:15,15.9,596.1,,,
2023-10-21T12:30,15.6,1.8,,,
2023-10-21T12:45,15.8,0,,,
2023-10-21T13:00,15.7,1.9,,,
2023-10-21T13:15,15.9,477.4,,,
2023-10-21T13:30,15.9,0,,,
2023-10-21T13:45,16,0,,,
2023-10-21T14:00,16.1,0,,,
2023-10-21T14:15,16,430.7,,,
2023-10-21T14:30,15.9,0,,,
2023-10-21T14:45,15.8,2.4,,,
2023-10-21T15:00,15.6,0,,,
2023-10-21T15:15,15.2,2.8,,,
2023-10-21T15:30,15.4,0,,,
2023-10-21T15:45,15.6,0,,,
2023-10-21T16:00,15.3,3.9,,,
2023-10-21T16:15,15,0,,,
2023-10-21T16:30,14.9,0,,,
2023-10-21T16:45,14.8,22.1,,,
2023-10-21T17:00,14.5,21.2,,,
2023-10-21T17:15,14.2,0,,,
2023-10-21T17:30,14.2,0,,,
2023-10-21T17:45,14.1,0,,,
2023-10-21T18:00,14.2,0,,,
2023-10-21T18:15,14.2,0,,,
2023-10-21T18:30,14.1,0,,,
2023-10-21T18:45,13.9,0,,,
2023-10-21T19:00,13.9,0,,,
2023-10-21T19:15,13.9,0,,,
2023-10-21T19:30,13.8,0,,,
2023-10-21T19:45,13.7,0,,,
2023-10-21T20:00,13.6,0,,,
2023-10-21T20:15,13.5,0,,,
2023-10-21T20:30,13.4,0,,,
2023-10-21T20:45,13.4,0,,,
2023-10-21T21:00,13.1,0,,,
2023-10-21T21:15,13,0,,,
2023-10-21T21:30,13,0,,,
2023-10-21T21:45,12.9,0,,,
2023-10-21T22:00,12.7,0,,,
2023-10-21T22:15,12.6,0,,,
2023-10-21T22:30,12.5,0,,,
2023-10-21T22:45,12.5,0,,,
2023-10-21T23:00,12.5,0,,,
2023-10-21T23:15,12.4,0,,,
2023-10-21T23:30,12.4,0,,,
2023-10-21T23:45,12.4,0,,,
2023-10-22T00:00,12.2,0,,,
2023-10-22T00:15,12.2,0,,,
2023-10-22T00:30,12.1,0,,,
2023-10-22T00:45,12.1,0,,,
2023-10-22T01:00,11.9,0,,,
2023-10-22T01:15,11.9,0,,,
2023-10-22T01:30,11.8,0,,,
2023-10-22T01:45,11.8,0,,,
2023-10-22T02:00,11.6,0,,,
2023-10-22T02:15,11.6,0,,,
2023-10-22T02:30,11.5,0,,,
2023-10-22T02:45,11.5,0,,,
2023-10-22T03:00,11.3,0,,,
2023-10-22T03:15,11.3,0,,,
2023-10-22T03:30,11.4,0,,,
2023-10-22T03:45,11.3,0,,,
2023-10-22T04:00,11.2,0,,,
2023-10-22T04:15,11.2,0,,,
2023-10-22T04:30,11.1,0,,,
2023-10-22T04:45,11,0,,,
2023-10-22T05:00,11,0,,,
2023-10-22T05:15,11,0,,,
2023-10-22T05:30,11.1,0,,,
2023-10-22T05:45,11,0,,,
2023-10-22T06:00,11,0,,,
2023-10-22T06:15,11,0,,,
2023-10-22T06:30,11.1,0,,,
2023-10-22T06:45,11,0,,,
2023-10-22T07:00,11,0,,,
2023-10-22T07:15,11.1,0,,,
2023-10-22T07:30,11.1,12.1,,,
2023-10-22T07:45,11.1,0,,,
2023-10-22T08:00,11.1,0,,,
2023-10-22T08:15,11.3,0,,,
2023-10-22T08:30,11.5,0,,,
2023-10-22T08:45,11.6,0,,,
2023-10-22T09:00,11.5,0,,,
2023-10-22T09:15,11.5,0,,,
2023-10-22T09:30,11.8,0,,,
2023-10-22T09:45,11.9,0,,,
2023-10-22T10:00,12,2.4,,,
2023-10-22T10:15,11.8,0,,,
2023-10-22T10:30,11.9,0,,,
2023-10-22T10:45,11.9,0,,,
2023-10-22T11:00,11.9,0,,,
2023-10-22T11:15,11.8,0,,,
2023-10-22T11:30,12.4,0,,,
2023-10-22T11:45,12.3,0,,,
2023-10-22T12:00,12.2,0,,,
2023-10-22T12:15,12.7,31.3,,,
2023-10-22T12:30,12.8,1.8,,,
2023-10-22T12:45,12.5,0,,,
2023-10-22T13:00,12,0,,,
2023-10-22T13:15,12,0,,,
2023-10-22T13:30,12,0,,,
2023-10-22T13:45,12,0,,,
2023-10-22T14:00,12,0,,,
2023-10-22T14:15,12.2,2.2,,,
2023-10-22T14:30,12.2,0,,,
2023-10-22T14:45,11.7,0,,,
2023-10-22T15:00,11.2,0,,,
2023-10-22T15:15,10.9,2.9,,,
2023-10-22T15:30,11,0,,,
2023-10-22T15:45,11.1,0,,,
2023-10-22T16:00,10.9,0,,,
2023-10-22T16:15,10.6,0,,,
2023-10-22T16:30,10.4,0,,,
2023-10-22T16:45,10.1,0,,,
2023-10-22T17:00,10.1,10.9,,,
2023-10-22T17:15,10.1,14.2,,,
2023-10-22T17:30,10,0,,,
2023-10-22T17:45,9.8,0,,,
2023-10-22T18:00,9.6,0,,,
2023-10-22T18:15,9.6,0,,,
2023-10-22T18:30,9.5,0,,,
2023-10-22T18:45,9.5,0,,,
2023-10-22T19:00,9.5,0,,,
2023-10-22T19:15,9.5,0,,,
2023-10-22T19:30,9.5,0,,,
2023-10-22T19:45,9.5,0,,,
2023-10-22T20:00,9.4,0,,,
2023-10-22T20:15,9.4,0,,,
2023-10-22T20:30,9.2,0,,,
2023-10-22T20:45,9.1,0,,,
2023-10-22T21:00,8.9,0,,,
2023-10-22T21:15,8.9,0,,,
2023-10-22T21:30,8.9,0,,,
2023-10-22T21:45,8.9,0,,,
2023-10-22T22:00,8.8,0,,,
2023-10-22T22:15,8.7,0,,,
2023-10-22T22:30,8.7,0,,,
2023-10-22T22:45,8.7,0,,,
2023-10-22T23:00,8.5,0,,,
2023-10-22T23:15,8.5,0,,,
2023-10-22T23:30,8.5,0,,,
2023-10-22T23:45,8.4,0,,,
2023-10-23T00:00,8,0,,,
2023-10-23T00:15,8.1,0,,,
2023-10-23T00:30,8.2,0,,,
2023-10-23T00:45,8.3,0,,,
2023-10-23T01:00,8.3,0,,,
2023-10-23T01:15,8.2,0,,,
2023-10-23T01:30,7.7,0,,,
2023-10-23T01:45,7.5,0,,,
2023-10-23T02:00,7.4,0,,,
2023-10-23T02:15,7.6,0,,,
2023-10-23T02:30,7.2,0,,,
2023-10-23T02:45,6.9,0,,,
2023-10-23T03:00,6.9,0,,,
2023-10-23T03:15,6.8,0,,,
2023-10-23T03:30,6.7,0,,,
2023-10-23T03:45,6.6,0,,,
2023-10-23T04:00,6.8,0,,,
2023-10-23T04:15,6.8,0,,,
2023-10-23T04:30,6.7,0,,,
2023-10-23T04:45,6.5,0,,,
2023-10-23T05:00,6.7,0,,,
2023-10-23T05:15,6.5,0,,,
2023-10-23T05:30,6.2,0,,,
2023-10-23T05:45,6.1,0,,,
2023-10-23T06:00,6.3,0,,,
2023-10-23T06:15,6.1,0,,,
2023-10-23T06:30,5.9,0,,,
2023-10-23T06:45,5.7,0,,,
2023-10-23T07:00,5.9,0,,,
2023-10-23T07:15,5.7,0,,,
2023-10-23T07:30,5.8,62,,,
2023-10-23T07:45,6,237.7,,,
2023-10-23T08:00,6.4,399.4,,,
2023-10-23T08:15,6.8,437.3,,,
2023-10-23T08:30,7.1,535.1,,,
2023-10-23T08:45,7.3,563.2,,,
2023-10-23T09:00,7.4,554.4,,,
2023-10-23T09:15,7.6,662,,,
2023-10-23T09:30,7.8,561.6,,,
2023-10-23T09:45,8,650.5,,,
2023-10-23T10:00,8.3,542.5,,,
2023-10-23T10:15,8.3,675.7,,,
2023-10-23T10:30,8.5,642.2,,,
2023-10-23T10:45,8.6,732.9,,,
2023-10-23T11:00,8.8,707.1,,,
2023-10-23T11:15,8.3,0,,,
2023-10-23T11:30,8.3,0,,,
2023-10-23T11:45,8.6,54.6,,,
2023-10-23T12:00,9.1,361.8,,,
2023-10-23T12:15,9,681.7,,,
2023-10-23T12:30,9,292.1,,,
2023-10-23T12:45,9.1,189.2,,,
2023-10-23T13:00,9.7,527.5,,,
2023-10-23T13:15,9.6,840.6,,,
2023-10-23T13:30,9.7,730.6,,,
2023-10-23T13:45,9.8,730.7,,,
2023-10-23T14:00,10.3,758.4,,,
2023-10-23T14:15,10,710.8,,,
2023-10-23T14:30,10,781.7,,,
2023-10-23T14:45,10,766.7,,,
2023-10-23T15:00,10.8,711.6,,,
2023-10-23T15:15,10.4,730.1,,,
2023-10-23T15:30,10.2,693.3,,,
2023-10-23T15:45,10,645.4,,,
2023-10-23T16:00,10.5,588.5,,,
2023-10-23T16:15,10.3,550.1,,,
2023-10-23T16:30,10.1,462.9,,,
2023-10-23T16:45,9.9,373.1,,,
2023-10-23T17:00,9.8,235.8,,,
2023-10-23T17:15,9.3,103,,,
2023-10-23T17:30,8.7,0,,,
2023-10-23T17:45,8.1,0,,,
2023-10-23T18:00,7.2,0,,,
2023-10-23T18:15,6.8,0,,,
2023-10-23T18:30,6.7,0,,,
2023-10-23T18:45,6.4,0,,,
2023-10-23T19:00,5.4,0,,,
2023-10-23T19:15,5.3,0,,,
2023-10-23T19:30,5.2,0,,,
2023-10-23T19:45,5,0,,,
2023-10-23T20:00,4.6,0,,,
2023-10-23T20:15,4.4,0,,,
2023-10-23T20:30,4.1,0,,,
2023-10-23T20:45,3.8,0,,,
2023-10-23T21:00,3,0,,,
2023-10-23T21:15,2.9,0,,,
2023-10-23T21:30,2.8,0,,,
2023-10-23T21:45,2.6,0,,,
2023-10-23T22:00,2.3,0,,,
2023-10-23T22:15,2.3,0,,,
2023-10-23T22:30,2.2,0,,,
2023-10-23T22:45,2.1,0,,,
2023-10-23T23:00,1.9,0,,,
2023-10-23T23:15,1.8,0,,,
2023-10-23T23:30,1.6,0,,,
2023-10-23T23:45,1.5,0,,,
2023-10-24T00:00,1,0,,,
2023-10-24T00:15,0.9,0,,,
2023-10-24T00:30,0.7,0,,,
2023-10-24T00:45,0.6,0,,,
2023-10-24T01:00,0,0,,,
2023-10-24T01:15,0,0,,,
2023-10-24T01:30,-0.2,0,,,
2023-10-24T01:45,-0.3,0,,,
2023-10-24T02:00,-0.5,0,,,
2023-10-24T02:15,-0.3,0,,,
2023-10-24T02:30,-0.4,0,,,
2023-10-24T02:45,-0.5,0,,,
2023-10-24T03:00,-0.7,0,,,
2023-10-24T03:15,-0.4,0,,,
2023-10-24T03:30,-0.5,0,,,
2023-10-24T03:45,-0.4,0,,,
2023-10-24T04:00,-0.5,0,,,
2023-10-24T04:15,-0.3,0,,,
2023-10-24T04:30,-0.3,0,,,
2023-10-24T04:45,-0.3,0,,,
2023-10-24T05:00,-0.4,0,,,
2023-10-24T05:15,-0.3,0,,,
2023-10-24T05:30,-0.4,0,,,
2023-10-24T05:45,-0.3,0,,,
2023-10-24T06:00,-0.5,0,,,
2023-10-24T06:15,-0.4,0,,,
2023-10-24T06:30,-0.4,0,,,
2023-10-24T06:45,-0.4,0,,,
2023-10-24T07:00,-0.7,0,,,
2023-10-24T07:15,-0.5,0,,,
2023-10-24T07:30,-0.4,76.4,,,
2023-10-24T07:45,-0.2,275.7,,,
2023-10-24T08:00,0.4,397.3,,,
2023-10-24T08:15,0.8,0,,,
2023-10-24T08:30,1.3,0,,,
2023-10-24T08:45,1.9,507.4,,,
2023-10-24T09:00,3,529,,,
2023-10-24T09:15,3.4,314.2,,,
2023-10-24T09:30,4.2,493.5,,,
2023-10-24T09:45,4.8,575.7,,,
2023-10-24T10:00,5.9,713,,,
2023-10-24T10:15,6,562,,,
2023-10-24T10:30,6.9,694.6,,,
2023-10-24T10:45,7.7,702.7,,,
2023-10-24T11:00,8.5,750.5,,,
2023-10-24T11:15,8.9,809.3,,,
2023-10-24T11:30,9.5,783,,,
2023-10-24T11:45,9.9,817,,,
2023-10-24T12:00,11.5,784.9,,,
2023-10-24T12:15,11.1,806.3,,,
2023-10-24T12:30,11.1,781.4,,,
2023-10-24T12:45,11.2,732.1,,,
2023-10-24T13:00,12.5,806.7,,,
2023-10-24T13:15,11.7,614.8,,,
2023-10-24T13:30,11.7,782,,,
2023-10-24T13:45,11.7,800.3,,,
2023-10-24T14:00,12.9,749.5,,,
2023-10-24T14:15,12.3,752.6,,,
2023-10-24T14:30,12.1,760.5,,,
2023-10-24T14:45,12,731.3,,,
2023-10-24T15:00,12.8,683.6,,,
2023-10-24T15:15,12.2,696.9,,,
2023-10-24T15:30,11.9,639.7,,,
2023-10-24T15:45,11.5,598.8,,,
2023-10-24T16:00,12.1,537.8,,,
2023-10-24T16:15,11.3,498.8,,,
2023-10-24T16:30,10.9,390.2,,,
2023-10-24T16:45,10.4,305.5,,,
2023-10-24T17:00,10.4,184.7,,,
2023-10-24T17:15,9.7,122,,,
2023-10-24T17:30,9.1,0,,,
2023-10-24T17:45,8.6,0,,,
2023-10-24T18:00,8.9,0,,,
2023-10-24T18:15,8.6,0,,,
2023-10-24T18:30,8.2,0,,,
2023-10-24T18:45,7.9,0,,,
2023-10-24T19:00,7.8,0,,,
2023-10-24T19:15,7.6,0,,,
2023-10-24T19:30,7.3,0,,,
2023-10-24T19:45,7.2,0,,,
2023-10-24T20:00,7,0,,,
2023-10-24T20:15,6.8,0,,,
2023-10-24T20:30,6.6,0,,,
2023-10-24T20:45,6.6,0,,,
2023-10-24T21:00,6.6,0,,,
2023-10-24T21:15,6.5,0,,,
2023-10-24T21:30,6.3,0,,,
2023-10-24T21:45,6.1,0,,,
2023-10-24T22:00,6.3,0,,,
2023-10-24T22:15,6.2,0,,,
2023-10-24T22:30,6.1,0,,,
2023-10-24T22:45,6.1,0,,,
2023-10-24T23:00,5.8,0,,,
2023-10-24T23:15,5.8,0,,,
2023-10-24T23:30,5.7,0,,,
2023-10-24T23:45,5.7,0,,,
2023-10-25T00:00,5.7,0,,,
2023-10-25T00:15,5.6,0,,,
2023-10-25T00:30,5.5,0,,,
2023-10-25T00:45,5.4,0,,,
2023-10-25T01:00,5.5,0,,,
2023-10-25T01:15,5.5,0,,,
2023-10-25T01:30,5.4,0,,,
2023-10-25T01:45,5.3,0,,,
2023-10-25T02:00,6,0,,,
2023-10-25T02:15,6,0,,,
2023-10-25T02:30,5.8,0,,,
2023-10-25T02:45,5.7,0,,,
2023-10-25T03:00,6.2,0,,,
2023-10-25T03:15,6,0,,,
2023-10-25T03:30,5.8,0,,,
2023-10-25T03:45,5.5,0,,,
2023-10-25T04:00,5.9,0,,,
2023-10-25T04:15,5.9,0,,,
2023-10-25T04:30,5.7,0,,,
2023-10-25T04:45,5.7,0,,,
2023-10-25T05:00,5.8,0,,,
2023-10-25T05:15,5.7,0,,,
2023-10-25T05:30,5.7,0,,,
2023-10-25T05:45,5.7,0,,,
2023-10-25T06:00,5.4,0,,,
2023-10-25T06:15,5.4,0,,,
2023-10-25T06:30,5.4,0,,,
2023-10-25T06:45,5.3,0,,,
2023-10-25T07:00,5.7,0,,,
2023-10-25T07:15,5.7,0,,,
2023-10-25T07:30,6.3,0,,,
2023-10-25T07:45,6.8,0,,,
2023-10-25T08:00,7.3,0,,,
2023-10-25T08:15,7.8,215.2,,,
2023-10-25T08:30,8.3,0,,,
2023-10-25T08:45,8.9,0,,,
2023-10-25T09:00,8.6,0,,,
2023-10-25T09:15,9.1,99,,,
2023-10-25T09:30,9.3,0,,,
2023-10-25T09:45,9.5,2.6,,,
2023-10-25T10:00,11,0,,,
2023-10-25T10:15,11.2,76.2,,,
2023-10-25T10:30,11.5,4.4,,,
2023-10-25T10:45,11.8,0,,,
2023-10-25T11:00,13.3,0,,,
2023-10-25T11:15,13.6,622.3,,,
2023-10-25T11:30,13.9,685.4,,,
2023-10-25T11:45,14.2,613.8,,,
2023-10-25T12:00,15.1,718.3,,,
2023-10-25T12:15,15,598.2,,,
2023-10-25T12:30,15.5,724.3,,,
2023-10-25T12:45,15.7,319,,,
2023-10-25T13:00,15.6,373.4,,,
2023-10-25T13:15,15.8,660.4,,,
2023-10-25T13:30,16,452.6,,,
2023-10-25T13:45,16.1,341.8,,,
2023-10-25T14:00,15,186.2,,,
2023-10-25T14:15,15.5,45.3,,,
2023-10-25T14:30,15.8,394.4,,,
2023-10-25T14:45,15.9,17.8,,,
2023-10-25T15:00,15.1,0,,,
2023-10-25T15:15,14.6,101.5,,,
2023-10-25T15:30,15.2,448.8,,,
2023-10-25T15:45,15.2,475.9,,,
2023-10-25T16:00,15.1,381.8,,,
2023-10-25T16:15,15,388.5,,,
2023-10-25T16:30,14.8,300.1,,,
2023-10-25T16:45,14.3,223.5,,,
2023-10-25T17:00,14.2,118.7,,,
2023-10-25T17:15,13.6,110.7,,,
2023-10-25T17:30,13.2,0,,,
2023-10-25T17:45,12.9,0,,,
2023-10-25T18:00,13.2,0,,,
2023-10-25T18:15,13.2,0,,,
2023-10-25T18:30,13.2,0,,,
2023-10-25T18:45,13.3,0,,,
2023-10-25T19:00,13.8,0,,,
2023-10-25T19:15,14,0,,,
2023-10-25T19:30,13.9,0,,,
2023-10-25T19:45,13.8,0,,,
2023-10-25T20:00,14.9,0,,,
2023-10-25T20:15,14.8,0,,,
2023-10-25T20:30,14.7,0,,,
2023-10-25T20:45,14.7,0,,,
2023-10-25T21:00,15.6,0,,,
2023-10-25T21:15,15.3,0,,,
2023-10-25T21:30,15,0,,,
2023-10-25T21:45,14.7,0,,,
2023-10-25T22:00,15.7,0,,,
2023-10-25T22:15,15.4,0,,,
2023-10-25T22:30,15,0,,,
2023-10-25T22:45,14.7,0,,,
2023-10-25T23:00,15,0,,,
2023-10-25T23:15,14.9,0,,,
2023-10-25T23:30,14.8,0,,,
2023-10-25T23:45,14.8,0,,,
2023-10-26T00:00,15.3,0,,,
2023-10-26T00:15,15.2,0,,,
2023-10-26T00:30,14.9,0,,,
2023-10-26T00:45,14.6,0,,,
2023-10-26T01:00,14.5,0,,,
2023-10-26T01:15,14.4,0,,,
2023-10-26T01:30,14.2,0,,,
2023-10-26T01:45,14,0,,,
2023-10-26T02:00,13.5,0,,,
2023-10-26T02:15,13.4,0,,,
2023-10-26T02:30,13.3,0,,,
2023-10-26T02:45,13.1,0,,,
2023-10-26T03:00,12.4,0,,,
2023-10-26T03:15,12.2,0,,,
2023-10-26T03:30,12.1,0,,,
2023-10-26T03:45,12,0,,,
2023-10-26T04:00,11.7,0,,,
2023-10-26T04:15,11.6,0,,,
2023-10-26T04:30,11.6,0,,,
2023-10-26T04:45,11.5,0,,,
2023-10-26T05:00,11.2,0,,,
2023-10-26T05:15,11,0,,,
2023-10-26T05:30,10.9,0,,,
2023-10-26T05:45,10.9,0,,,
2023-10-26T06:00,11.1,0,,,
2023-10-26T06:15,11.1,0,,,
2023-10-26T06:30,11,0,,,
2023-10-26T06:45,10.9,0,,,
2023-10-26T07:00,10.7,0,,,
2023-10-26T07:15,10.7,0,,,
2023-10-26T07:30,10.7,40.3,,,
2023-10-26T07:45,11,216.9,,,
2023-10-26T08:00,11.3,305.5,,,
2023-10-26T08:15,11.9,395.7,,,
2023-10-26T08:30,12.5,470,,,
2023-10-26T08:45,13.2,521.3,,,
2023-10-26T09:00,14.1,566.5,,,
2023-10-26T09:15,14.5,599.2,,,
2023-10-26T09:30,15,623.8,,,
2023-10-26T09:45,15.4,656,,,
2023-10-26T10:00,16.3,677.6,,,
2023-10-26T10:15,16.4,649.1,,,
2023-10-26T10:30,16.7,687.1,,,
2023-10-26T10:45,17,661.7,,,
2023-10-26T11:00,18,713.9,,,
2023-10-26T11:15,17.9,752.9,,,
2023-10-26T11:30,18.2,672.4,,,
2023-10-26T11:45,18.4,753.3,,,
2023-10-26T12:00,19.2,717.4,,,
2023-10-26T12:15,18.9,609.6,,,
2023-10-26T12:30,19.1,553.3,,,
2023-10-26T12:45,19.2,613.3,,,
2023-10-26T13:00,20.1,691.7,,,
2023-10-26T13:15,19.7,677,,,
2023-10-26T13:30,19.7,639,,,
2023-10-26T13:45,19.7,446.6,,,
2023-10-26T14:00,20,492.5,,,
2023-10-26T14:15,19.8,462.9,,,
2023-10-26T14:30,19.7,0,,,
2023-10-26T14:45,19.4,0,,,
2023-10-26T15:00,19.4,0,,,
2023-10-26T15:15,19.4,448.3,,,
2023-10-26T15:30,19,0,,,
2023-10-26T15:45,18.9,26.5,,,
2023-10-26T16:00,19.1,0,,,
2023-10-26T16:15,19.1,372.1,,,
2023-10-26T16:30,18.9,0,,,
2023-10-26T16:45,18.6,53.8,,,
2023-10-26T17:00,18.7,24.4,,,
2023-10-26T17:15,18.1,82.1,,,
2023-10-26T17:30,17.7,0,,,
2023-10-26T17:45,17.6,0,,,
2023-10-26T18:00,17.4,0,,,
2023-10-26T18:15,16.9,0,,,
2023-10-26T18:30,16.6,0,,,
2023-10-26T18:45,16.3,0,,,
2023-10-26T19:00,15.9,0,,,
2023-10-26T19:15,15.6,0,,,
2023-10-26T19:30,15.4,0,,,
2023-10-26T19:45,15.3,0,,,
2023-10-26T20:00,15.4,0,,,
2023-10-26T20:15,15.1,0,,,
2023-10-26T20:30,14.8,0,,,
2023-10-26T20:45,14.6,0,,,
2023-10-26T21:00,14.8,0,,,
2023-10-26T21:15,14.7,0,,,
2023-10-26T21:30,14.4,0,,,
2023-10-26T21:45,14.2,0,,,
2023-10-26T22:00,14.5,0,,,
2023-10-26T22:15,14.8,0,,,
2023-10-26T22:30,15,0,,,
2023-10-26T22:45,15.1,0,,,
2023-10-26T23:00,15.7,0,,,
2023-10-26T23:15,15.7,0,,,
2023-10-26T23:30,15.7,0,,,
2023-10-26T23:45,15.7,0,,,
2023-10-27T00:00,15.8,0,,,
2023-10-27T00:15,15.4,0,,,
2023-10-27T00:30,15,0,,,
2023-10-27T00:45,14.7,0,,,
2023-10-27T01:00,15,0,,,
2023-10-27T01:15,15.2,0,,,
2023-10-27T01:30,15.3,0,,,
2023-10-27T01:45,15.4,0,,,
2023-10-27T02:00,15.4,0,,,
2023-10-27T02:15,15.1,0,,,
2023-10-27T02:30,14.9,0,,,
2023-10-27T02:45,14.9,0,,,
2023-10-27T03:00,14.6,0,,,
2023-10-27T03:15,14.4,0,,,
2023-10-27T03:30,14.3,0,,,
2023-10-27T03:45,14.3,0,,,
2023-10-27T04:00,13.8,0,,,
2023-10-27T04:15,13.7,0,,,
2023-10-27T04:30,13.8,0,,,
2023-10-27T04:45,13.8,0,,,
2023-10-27T05:00,13.7,0,,,
2023-10-27T05:15,13.5,0,,,
2023-10-27T05:30,13.5,0,,,
2023-10-27T05:45,13.5,0,,,
2023-10-27T06:00,13.2,0,,,
2023-10-27T06:15,13.1,0,,,
2023-10-27T06:30,13.1,0,,,
2023-10-27T06:45,13,0,,,
2023-10-27T07:00,13.1,0,,,
2023-10-27T07:15,13.1,0,,,
2023-10-27T07:30,13.2,0,,,
2023-10-27T07:45,13.2,0,,,
2023-10-27T08:00,13.1,0,,,
2023-10-27T08:15,13.1,34.8,,,
2023-10-27T08:30,13.3,0,,,
2023-10-27T08:45,13.4,12.2,,,
2023-10-27T09:00,13.4,0,,,
2023-10-27T09:15,13.6,235.5,,,
2023-10-27T09:30,14,217.5,,,
2023-10-27T09:45,14.2,211.6,,,
2023-10-27T10:00,14.2,142.6,,,
2023-10-27T10:15,14.4,221.9,,,
2023-10-27T10:30,14.6,9,,,
2023-10-27T10:45,14.9,73.3,,,
2023-10-27T11:00,15.3,479.4,,,
2023-10-27T11:15,15.2,0,,,
2023-10-27T11:30,15.6,0,,,
2023-10-27T11:45,16,21.5,,,
2023-10-27T12:00,16.8,116.2,,,
2023-10-27T12:15,16.7,357,,,
2023-10-27T12:30,16.8,0,,,
2023-10-27T12:45,17.1,0,,,
2023-10-27T13:00,18.8,57.2,,,
2023-10-27T13:15,18.4,277.6,,,
2023-10-27T13:30,18.6,323.8,,,
2023-10-27T13:45,18.8,308.7,,,
2023-10-27T14:00,19.6,276.7,,,
2023-10-27T14:15,19.3,517,,,
2023-10-27T14:30,19.5,553.4,,,
2023-10-27T14:45,19.4,642.4,,,
2023-10-27T15:00,19.9,504,,,
2023-10-27T15:15,19.5,578.1,,,
2023-10-27T15:30,19.1,450.2,,,
2023-10-27T15:45,18.8,243.1,,,
2023-10-27T16:00,19.2,0,,,
2023-10-27T16:15,18.2,0,,,
2023-10-27T16:30,18,115.6,,,
2023-10-27T16:45,17.6,205.8,,,
2023-10-27T17:00,17.8,113.2,,,
2023-10-27T17:15,17.2,68.2,,,
2023-10-27T17:30,16.7,0,,,
2023-10-27T17:45,16.2,0,,,
2023-10-27T18:00,16.5,0,,,
2023-10-27T18:15,16.1,0,,,
2023-10-27T18:30,15.7,0,,,
2023-10-27T18:45,15.4,0,,,
2023-10-27T19:00,15.7,0,,,
2023-10-27T19:15,15.3,0,,,
2023-10-27T19:30,14.8,0,,,
2023-10-27T19:45,14.5,0,,,
2023-10-27T20:00,14.5,0,,,
2023-10-27T20:15,14.4,0,,,
2023-10-27T20:30,14.6,0,,,
2023-10-27T20:45,14.6,0,,,
2023-10-27T21:00,14.5,0,,,
2023-10-27T21:15,14.1,0,,,
2023-10-27T21:30,13.7,0,,,
2023-10-27T21:45,13.5,0,,,
2023-10-27T22:00,13.5,0,,,
2023-10-27T22:15,13.4,0,,,
2023-10-27T22:30,13.3,0,,,
2023-10-27T22:45,13.1,0,,,
2023-10-27T23:00,13.5,0,,,
2023-10-27T23:15,13.5,0,,,
2023-10-27T23:30,13.4,0,,,
2023-10-27T23:45,13.3,0,,,
2023-10-28T00:00,13.5,0,,,
2023-10-28T00:15,13.4,0,,,
2023-10-28T00:30,13.3,0,,,
2023-10-28T00:45,13.2,0,,,
2023-10-28T01:00,13.5,0,,,
2023-10-28T01:15,13.6,0,,,
2023-10-28T01:30,13.5,0,,,
2023-10-28T01:45,13.3,0,,,
2023-10-28T02:00,13.3,0,,,
2023-10-28T02:15,13.1,0,,,
2023-10-28T02:30,13,0,,,
2023-10-28T02:45,12.9,0,,,
2023-10-28T03:00,12.9,0,,,
2023-10-28T03:15,12.8,0,,,
2023-10-28T03:30,12.7,0,,,
2023-10-28T03:45,12.7,0,,,
2023-10-28T04:00,12.9,0,,,
2023-10-28T04:15,13.3,0,,,
2023-10-28T04:30,13.4,0,,,
2023-10-28T04:45,13.2,0,,,
2023-10-28T05:00,13.1,0,,,
2023-10-28T05:15,13,0,,,
2023-10-28T05:30,13.2,0,,,
2023-10-28T05:45,13.7,0,,,
2023-10-28T06:00,12.8,0,,,
2023-10-28T06:15,12.6,0,,,
2023-10-28T06:30,13.1,0,,,
2023-10-28T06:45,13,0,,,
2023-10-28T07:00,12.3,0,,,
2023-10-28T07:15,12.6,0,,,
2023-10-28T07:30,13,0,,,
2023-10-28T07:45,13.2,0,,,
2023-10-28T08:00,13.4,0,,,
2023-10-28T08:15,13.8,267.5,,,
2023-10-28T08:30,14.3,0,,,
2023-10-28T08:45,14.9,37.1,,,
2023-10-28T09:00,16.1,306.9,,,
2023-10-28T09:15,16.9,578.1,,,
2023-10-28T09:30,17.6,593.6,,,
2023-10-28T09:45,18.1,648.1,,,
2023-10-28T10:00,19.5,645.6,,,
2023-10-28T10:15,19.5,697.3,,,
2023-10-28T10:30,19.7,661.2,,,
2023-10-28T10:45,19.9,717,,,
2023-10-28T11:00,21.4,648.6,,,
2023-10-28T11:15,21.1,747.6,,,
2023-10-28T11:30,21.2,745.8,,,
2023-10-28T11:45,21.3,750.3,,,
2023-10-28T12:00,22.8,749,,,
2023-10-28T12:15,22.3,755.9,,,
2023-10-28T12:30,22.3,745.6,,,
2023-10-28T12:45,22.3,735.5,,,
2023-10-28T13:00,23.4,737.4,,,
2023-10-28T13:15,22.7,737.5,,,
2023-10-28T13:30,22.6,721.2,,,
2023-10-28T13:45,22.6,718.8,,,
2023-10-28T14:00,23.4,713.9,,,
2023-10-28T14:15,22.8,698.9,,,
2023-10-28T14:30,22.6,669.3,,,
2023-10-28T14:45,22.4,613.8,,,
2023-10-28T15:00,23.4,591,,,
2023-10-28T15:15,22.5,583.8,,,
2023-10-28T15:30,22.2,516.8,,,
2023-10-28T15:45,21.8,389.2,,,
2023-10-28T16:00,22.7,0,,,
2023-10-28T16:15,21.6,303.4,,,
2023-10-28T16:30,20.9,231.7,,,
2023-10-28T16:45,20.4,205.4,,,
2023-10-28T17:00,20.9,103.6,,,
2023-10-28T17:15,20,53.2,,,
2023-10-28T17:30,19.4,0,,,
2023-10-28T17:45,19.1,0,,,
2023-10-28T18:00,20.1,0,,,
2023-10-28T18:15,18.6,0,,,
2023-10-28T18:30,17.6,0,,,
2023-10-28T18:45,16.8,0,,,
2023-10-28T19:00,17.3,0,,,
2023-10-28T19:15,16.5,0,,,
2023-10-28T19:30,15.6,0,,,
2023-10-28T19:45,14.8,0,,,
2023-10-28T20:00,15.6,0,,,
2023-10-28T20:15,14.4,0,,,
2023-10-28T20:30,13.6,0,,,
2023-10-28T20:45,13,0,,,
2023-10-28T21:00,13.1,0,,,
2023-10-28T21:15,12.5,0,,,
2023-10-28T21:30,11.5,0,,,
2023-10-28T21:45,10.7,0,,,
2023-10-28T22:00,10.5,0,,,
2023-10-28T22:15,9.6,0,,,
2023-10-28T22:30,8.9,0,,,
2023-10-28T22:45,8.4,0,,,
2023-10-28T23:00,8.1,0,,,
2023-10-28T23:15,7.8,0,,,
2023-10-28T23:30,7.6,0,,,
2023-10-28T23:45,7.3,0,,,
2023-10-29T00:00,6.9,0,,,
2023-10-29T00:15,6.6,0,,,
2023-10-29T00:30,6.4,0,,,
2023-10-29T00:45,6.2,0,,,
2023-10-29T01:00,6,0,,,
2023-10-29T01:15,5.9,0,,,
2023-10-29T01:30,5.8,0,,,
2023-10-29T01:45,5.7,0,,,
2023-10-29T02:00,5.3,0,,,
2023-10-29T02:15,5,0,,,
2023-10-29T02:30,4.9,0,,,
2023-10-29T02:45,4.8,0,,,
2023-10-29T03:00,4.6,0,,,
2023-10-29T03:15,4.4,0,,,
2023-10-29T03:30,4.3,0,,,
2023-10-29T03:45,4.2,0,,,
2023-10-29T04:00,3.8,0,,,
2023-10-29T04:15,3.7,0,,,
2023-10-29T04:30,3.6,0,,,
2023-10-29T04:45,3.6,0,,,
2023-10-29T05:00,3.5,0,,,
2023-10-29T05:15,3.4,0,,,
2023-10-29T05:30,3.3,0,,,
2023-10-29T05:45,3.2,0,,,
2023-10-29T06:00,3.1,0,,,
2023-10-29T06:15,2.9,0,,,
2023-10-29T06:30,2.8,0,,,
2023-10-29T06:45,2.8,0,,,
2023-10-29T07:00,3,0,,,
2023-10-29T07:15,3,0,,,
2023-10-29T07:30,3,0,,,
2023-10-29T07:45,3.3,0,,,
2023-10-29T08:00,3.6,0,,,
2023-10-29T08:15,3.8,0,,,
2023-10-29T08:30,4.1,14.9,,,
2023-10-29T08:45,4.1,42,,,
2023-10-29T09:00,4.4,106.4,,,
2023-10-29T09:15,4.1,0,,,
2023-10-29T09:30,4.5,372.4,,,
2023-10-29T09:45,4.6,346.1,,,
2023-10-29T10:00,4.9,381.8,,,
2023-10-29T10:15,4.8,417.9,,,
2023-10-29T10:30,5,709.9,,,
2023-10-29T10:45,5.1,438.3,,,
2023-10-29T11:00,5.3,46.8,,,
2023-10-29T11:15,5.2,581.4,,,
2023-10-29T11:30,5.2,62.8,,,
2023-10-29T11:45,5.4,725.8,,,
2023-10-29T12:00,4.9,114.5,,,
2023-10-29T12:15,5,393.5,,,
2023-10-29T12:30,5.2,220.8,,,
2023-10-29T12:45,5.2,129.1,,,
2023-10-29T13:00,4.4,14.1,,,
2023-10-29T13:15,4,0,,,
2023-10-29T13:30,4.6,103.2,,,
2023-10-29T13:45,4.7,124,,,
2023-10-29T14:00,4.4,49.8,,,
2023-10-29T14:15,3.8,0,,,
2023-10-29T14:30,4.2,17.6,,,
2023-10-29T14:45,4.1,0,,,
2023-10-29T15:00,4.2,5.8,,,
2023-10-29T15:15,4,3.2,,,
2023-10-29T15:30,4.3,529.1,,,
2023-10-29T15:45,4.3,464.7,,,
2023-10-29T16:00,4.2,556.3,,,
2023-10-29T16:15,4.1,487,,,
2023-10-29T16:30,3.9,399.2,,,
2023-10-29T16:45,3.6,276.4,,,
2023-10-29T17:00,3.2,133.5,,,
2023-10-29T17:15,2.8,18.5,,,
2023-10-29T17:30,2.5,0,,,
2023-10-29T17:45,2.3,0,,,
2023-10-29T18:00,2,0,,,
2023-10-29T18:15,1.8,0,,,
2023-10-29T18:30,1.7,0,,,
2023-10-29T18:45,1.5,0,,,
2023-10-29T19:00,1,0,,,
2023-10-29T19:15,0.9,0,,,
2023-10-29T19:30,0.8,0,,,
2023-10-29T19:45,0.7,0,,,
2023-10-29T20:00,0.2,0,,,
2023-10-29T20:15,0.1,0,,,
2023-10-29T20:30,0,0,,,
2023-10-29T20:45,0,0,,,
2023-10-29T21:00,-0.4,0,,,
2023-10-29T21:15,-0.4,0,,,
2023-10-29T21:30,-0.4,0,,,
2023-10-29T21:45,-0.5,0,,,
2023-10-29T22:00,-0.7,0,,,
2023-10-29T22:15,-0.6,0,,,
2023-10-29T22:30,-0.6,0,,,
2023-10-29T22:45,-0.6,0,,,
2023-10-29T23:00,-0.4,0,,,
2023-10-29T23:15,-0.4,0,,,
2023-10-29T23:30,-0.4,0,,,
2023-10-29T23:45,-0.4,0,,,
2023-10-30T00:00,-0.5,0,,,
2023-10-30T00:15,-0.4,0,,,
2023-10-30T00:30,-0.4,0,,,
2023-10-30T00:45,-0.5,0,,,
2023-10-30T01:00,-0.8,0,,,
2023-10-30T01:15,-0.8,0,,,
2023-10-30T01:30,-0.8,0,,,
2023-10-30T01:45,-0.8,0,,,
2023-10-30T02:00,-0.7,0,,,
2023-10-30T02:15,-0.8,0,,,
2023-10-30T02:30,-0.8,0,,,
2023-10-30T02:45,-0.9,0,,,
2023-10-30T03:00,-0.8,0,,,
2023-10-30T03:15,-0.8,0,,,
2023-10-30T03:30,-0.8,0,,,
2023-10-30T03:45,-0.9,0,,,
2023-10-30T04:00,-0.8,0,,,
2023-10-30T04:15,-0.8,0,,,
2023-10-30T04:30,-0.8,0,,,
2023-10-30T04:45,-0.7,0,,,
2023-10-30T05:00,-0.5,0,,,
2023-10-30T05:15,-0.5,0,,,
2023-10-30T05:30,-0.6,0,,,
2023-10-30T05:45,-0.2,0,,,
2023-10-30T06:00,0,0,,,
2023-10-30T06:15,-0.2,0,,,
2023-10-30T06:30,-0.4,0,,,
2023-10-30T06:45,-0.3,0,,,
2023-10-30T07:00,-0.3,0,,,
2023-10-30T07:15,-0.1,0,,,
2023-10-30T07:30,0,15.1,,,
2023-10-30T07:45,0.2,0,,,
2023-10-30T08:00,0.4,0,,,
2023-10-30T08:15,0.3,0,,,
2023-10-30T08:30,0.6,0,,,
2023-10-30T08:45,0.7,0,,,
2023-10-30T09:00,0.6,0,,,
2023-10-30T09:15,0.4,0,,,
2023-10-30T09:30,0.6,0,,,
2023-10-30T09:45,1,0,,,
2023-10-30T10:00,1.1,85.6,,,
2023-10-30T10:15,0.2,0,,,
2023-10-30T10:30,0.4,99.9,,,
2023-10-30T10:45,0,0,,,
2023-10-30T11:00,-0.7,0,,,
2023-10-30T11:15,-0.9,0,,,
2023-10-30T11:30,-0.5,0,,,
2023-10-30T11:45,-0.3,0,,,
2023-10-30T12:00,-0.9,0,,,
2023-10-30T12:15,-1.1,0,,,
2023-10-30T12:30,-0.4,19.9,,,
2023-10-30T12:45,-0.3,4,,,
2023-10-30T13:00,-0.6,16.3,,,
2023-10-30T13:15,-1,0,,,
2023-10-30T13:30,-0.5,0,,,
2023-10-30T13:45,-0.3,0,,,
2023-10-30T14:00,-0.4,4.6,,,
2023-10-30T14:15,-0.8,2.4,,,
2023-10-30T14:30,-0.7,0,,,
2023-10-30T14:45,-0.4,0,,,
2023-10-30T15:00,-0.6,0,,,
2023-10-30T15:15,-0.9,3.2,,,
2023-10-30T15:30,-0.7,0,,,
2023-10-30T15:45,-0.6,4.1,,,
2023-10-30T16:00,-0.7,0,,,
2023-10-30T16:15,-0.8,0,,,
2023-10-30T16:30,-0.8,7.5,,,
2023-10-30T16:45,-0.8,0,,,
2023-10-30T17:00,-0.8,0,,,
2023-10-30T17:15,-0.9,0,,,
2023-10-30T17:30,-1,0,,,
2023-10-30T17:45,-1.1,0,,,
2023-10-30T18:00,-1,0,,,
2023-10-30T18:15,-1,0,,,
2023-10-30T18:30,-1.1,0,,,
2023-10-30T18:45,-1.1,0,,,
2023-10-30T19:00,-1.1,0,,,
2023-10-30T19:15,-1,0,,,
2023-10-30T19:30,-1.1,0,,,
2023-10-30T19:45,-1.2,0,,,
2023-10-30T20:00,-1,0,,,
2023-10-30T20:15,-1,0,,,
2023-10-30T20:30,-1.1,0,,,
2023-10-30T20:45,-1.1,0,,,
2023-10-30T21:00,-0.8,0,,,
2023-10-30T21:15,-0.8,0,,,
2023-10-30T21:30,-0.9,0,,,
2023-10-30T21:45,-1,0,,,
2023-10-30T22:00,-0.8,0,,,
2023-10-30T22:15,-0.8,0,,,
2023-10-30T22:30,-0.9,0,,,
2023-10-30T22:45,-0.8,0,,,
2023-10-30T23:00,-0.6,0,,,
2023-10-30T23:15,-0.8,0,,,
2023-10-30T23:30,-0.3,0,,,
2023-10-30T23:45,-0.2,0,,,
2023-10-31T00:00,-0.3,0,,,
2023-10-31T00:15,-0.9,0,,,
2023-10-31T00:30,-0.5,0,,,
2023-10-31T00:45,-0.4,0,,,
2023-10-31T01:00,-0.6,0,,,
2023-10-31T01:15,-1.2,0,,,
2023-10-31T01:30,-1.5,0,,,
2023-10-31T01:45,-1.6,0,,,
2023-10-31T02:00,-1.7,0,,,
2023-10-31T02:15,-1.2,0,,,
2023-10-31T02:30,-0.4,0,,,
2023-10-31T02:45,-0.5,0,,,
2023-10-31T03:00,-0.9,0,,,
2023-10-31T03:15,-1.5,0,,,
2023-10-31T03:30,-1.6,0,,,
2023-10-31T03:45,-1.6,0,,,
2023-10-31T04:00,-2,0,,,
2023-10-31T04:15,-1.9,0,,,
2023-10-31T04:30,-1.6,0,,,
2023-10-31T04:45,-1.2,0,,,
2023-10-31T05:00,-2.1,0,,,
2023-10-31T05:15,-2.3,0,,,
2023-10-31T05:30,-2.2,0,,,
2023-10-31T05:45,-2.2,0,,,
2023-10-31T06:00,-2.2,0,,,
2023-10-31T06:15,-1.7,0,,,
2023-10-31T06:30,-1.2,0,,,
2023-10-31T06:45,-1,0,,,
2023-10-31T07:00,-1.9,0,,,
2023-10-31T07:15,-2.2,0,,,
2023-10-31T07:30,-2.2,0,,,
2023-10-31T07:45,-2.2,118.4,,,
2023-10-31T08:00,-3.1,232.5,,,
2023-10-31T08:15,-2.3,283.5,,,
2023-10-31T08:30,-1.5,124.4,,,
2023-10-31T08:45,-0.9,358,,,
2023-10-31T09:00,-0.5,493.5,,,
2023-10-31T09:15,0.4,513.6,,,
2023-10-31T09:30,1.1,667.8,,,
2023-10-31T09:45,1.6,665.2,,,
2023-10-31T10:00,1.8,732.6,,,
2023-10-31T10:15,2.4,749,,,
2023-10-31T10:30,2.7,756.3,,,
2023-10-31T10:45,2.9,828.2,,,
2023-10-31T11:00,2.3,773.4,,,
2023-10-31T11:15,2.7,872.1,,,
2023-10-31T11:30,2.7,875.9,,,
2023-10-31T11:45,2.8,882.7,,,
2023-10-31T12:00,2.2,753.3,,,
2023-10-31T12:15,2.1,818.6,,,
2023-10-31T12:30,2.2,882.6,,,
2023-10-31T12:45,2.4,899.6,,,
2023-10-31T13:00,2.6,883.3,,,
2023-10-31T13:15,2.5,880,,,
2023-10-31T13:30,2.5,873.3,,,
2023-10-31T13:45,2.5,867.1,,,
2023-10-31T14:00,2.8,854.2,,,
2023-10-31T14:15,2.6,843,,,
2023-10-31T14:30,2.5,823.3,,,
2023-10-31T14:45,2.6,803.6,,,
2023-10-31T15:00,2.9,777.4,,,
2023-10-31T15:15,2.6,751.8,,,
2023-10-31T15:30,2.4,711.6,,,
2023-10-31T15:45,2.2,666.1,,,
2023-10-31T16:00,2.3,610.9,,,
2023-10-31T16:15,1.8,543.7,,,
2023-10-31T16:30,1.3,442.9,,,
2023-10-31T16:45,0.9,308.2,,,
2023-10-31T17:00,0.9,156.1,,,
2023-10-31T17:15,0.3,0,,,
2023-10-31T17:30,0,0,,,
2023-10-31T17:45,-0.2,0,,,
2023-10-31T18:00,-1,0,,,
2023-10-31T18:15,-1.4,0,,,
2023-10-31T18:30,-1.5,0,,,
2023-10-31T18:45,-1.5,0,,,
2023-10-31T19:00,-2.1,0,,,
2023-10-31T19:15,-1.9,0,,,
2023-10-31T19:30,-1.9,0,,,
2023-10-31T19:45,-1.6,0,,,
2023-10-31T20:00,-2.5,0,,,
2023-10-31T20:15,-2.2,0,,,
2023-10-31T20:30,-2.1,0,,,
2023-10-31T20:45,-2.1,0,,,
2023-10-31T21:00,-3,0,,,
2023-10-31T21:15,-2.5,0,,,
2023-10-31T21:30,-2.4,0,,,
2023-10-31T21:45,-2.3,0,,,
2023-10-31T22:00,-3.1,0,,,
2023-10-31T22:15,-3.1,0,,,
2023-10-31T22:30,-3.3,0,,,
2023-10-31T22:45,-3.4,0,,,
2023-10-31T23:00,-3.9,0,,,
2023-10-31T23:15,-4,0,,,
2023-10-31T23:30,-4.1,0,,,
2023-10-31T23:45,-4.1,0,,,
